{"type":"FeatureCollection","features":[{"type":"Feature","geometry":{"type":"Point","coordinates":[73.951732,18.543836]},"properties":{"b":"Ficus benghalensis Linn.","c":"Banyan Tree","l":"Vad","g":1524.0,"h":4.0,"cond":"Healthy","own":"Private","w":"2"}},{"type":"Feature","geometry":{"type":"Point","coordinates":[73.850428,18.543594]},"properties":{"b":"Ficus benghalensis Linn.","c":"Banyan Tree","l":"Vad","g":1400.0,"h":11.0,"cond":"Healthy","own":"Government","w":"13"}},{"type":"Feature","geometry":{"type":"Point","coordinates":[73.842528,18.529534]},"properties":{"b":"Ficus benghalensis Linn.","c":"Banyan Tree","l":"Vad","g":1342.0,"h":16.0,"cond":"Healthy","own":"Government","w":"12"}},{"type":"Feature","geometry":{"type":"Point","coordinates":[73.851076,18.528852]},"properties":{"b":"Ficus benghalensis Linn.","c":"Banyan Tree","l":"Vad","g":1236.0,"h":15.0,"cond":"Healthy","own":"Government","w":"24"}},{"type":"Feature","geometry":{"type":"Point","coordinates":[73.900944,18.476959]},"properties":{"b":"Ficus benghalensis Linn.","c":"Banyan Tree","l":"Vad","g":1200.0,"h":17.0,"cond":"Healthy","own":"Government","w":"62"}},{"type":"Feature","geometry":{"type":"Point","coordinates":[73.840415,18.515842]},"properties":{"b":"Ficus benghalensis Linn.","c":"Banyan Tree","l":"Vad","g":1200.0,"h":15.0,"cond":"Healthy","own":"Public","w":"36"}},{"type":"Feature","geometry":{"type":"Point","coordinates":[73.873524,18.547]},"properties":{"b":"Ficus benghalensis Linn.","c":"Banyan Tree","l":"Vad","g":1200.0,"h":12.0,"cond":"Healthy","own":"On Foot Path","w":"14"}},{"type":"Feature","geometry":{"type":"Point","coordinates":[73.82142,18.513601]},"properties":{"b":"Ficus benghalensis Linn.","c":"Banyan Tree","l":"Vad","g":1183.0,"h":13.0,"cond":"Healthy","own":"Private","w":"26"}},{"type":"Feature","geometry":{"type":"Point","coordinates":[73.842289,18.530106]},"properties":{"b":"Ficus benghalensis Linn.","c":"Banyan Tree","l":"Vad","g":1134.0,"h":16.0,"cond":"Healthy","own":"Government","w":"12"}},{"type":"Feature","geometry":{"type":"Point","coordinates":[73.903221,18.48034]},"properties":{"b":"Ficus benghalensis Linn.","c":"Banyan Tree","l":"Vad","g":1130.0,"h":14.0,"cond":"Healthy","own":"Private","w":"61"}},{"type":"Feature","geometry":{"type":"Point","coordinates":[73.842234,18.500009]},"properties":{"b":"Ficus benghalensis Linn.","c":"Banyan Tree","l":"Vad","g":1056.0,"h":14.0,"cond":"Healthy","own":"Private","w":"52"}},{"type":"Feature","geometry":{"type":"Point","coordinates":[73.845326,18.537071]},"properties":{"b":"Ficus benghalensis Linn.","c":"Banyan Tree","l":"Vad","g":1021.0,"h":19.0,"cond":"Healthy","own":"Government","w":"13"}},{"type":"Feature","geometry":{"type":"Point","coordinates":[73.870167,18.527882]},"properties":{"b":"Ficus benghalensis Linn.","c":"Banyan Tree","l":"Vad","g":1003.0,"h":15.0,"cond":"Healthy","own":"Government","w":"40"}},{"type":"Feature","geometry":{"type":"Point","coordinates":[73.841771,18.496318]},"properties":{"b":"Ficus benghalensis Linn.","c":"Banyan Tree","l":"Vad","g":1001.0,"h":15.0,"cond":"Healthy","own":"Government","w":"56"}},{"type":"Feature","geometry":{"type":"Point","coordinates":[73.901486,18.511045]},"properties":{"b":"Albizia saman (Jacq.) Merr.","c":"Rain Tree","l":"Rain Tree","g":1000.0,"h":15.0,"cond":"Healthy","own":"Public","w":"41"}},{"type":"Feature","geometry":{"type":"Point","coordinates":[73.848995,18.533587]},"properties":{"b":"Ficus religiosa Linn.","c":"Pipal","l":"Pimpal","g":1000.0,"h":21.0,"cond":"Healthy","own":"Private","w":"13"}},{"type":"Feature","geometry":{"type":"Point","coordinates":[73.858405,18.509657]},"properties":{"b":"Ficus benghalensis Linn.","c":"Banyan Tree","l":"Vad","g":999.0,"h":16.0,"cond":"Healthy","own":"Government","w":"49"}},{"type":"Feature","geometry":{"type":"Point","coordinates":[73.863535,18.525028]},"properties":{"b":"Ficus benghalensis Linn.","c":"Banyan Tree","l":"Vad","g":999.0,"h":14.0,"cond":"Healthy","own":"Public","w":"23"}},{"type":"Feature","geometry":{"type":"Point","coordinates":[73.857594,18.511688]},"properties":{"b":"Ficus benghalensis Linn.","c":"Banyan Tree","l":"Vad","g":999.0,"h":15.0,"cond":"Healthy","own":"Private","w":"50"}},{"type":"Feature","geometry":{"type":"Point","coordinates":[73.835548,18.51305]},"properties":{"b":"Cocos nucifera Linn.","c":"Coconut","l":"Naral","g":999.0,"h":15.0,"cond":"Healthy","own":"Private","w":"36"}},{"type":"Feature","geometry":{"type":"Point","coordinates":[73.839853,18.516414]},"properties":{"b":"Ficus benghalensis Linn.","c":"Banyan Tree","l":"Vad","g":999.0,"h":15.0,"cond":"Healthy","own":"Private","w":"36"}},{"type":"Feature","geometry":{"type":"Point","coordinates":[73.862889,18.527086]},"properties":{"b":"Ficus benghalensis Linn.","c":"Banyan Tree","l":"Vad","g":999.0,"h":14.0,"cond":"Healthy","own":"Government","w":"23"}},{"type":"Feature","geometry":{"type":"Point","coordinates":[73.917238,18.500102]},"properties":{"b":"Senna siamea (Lam.) Irwin & Barneby","c":"Siamese Cassia","l":"Kashid","g":998.0,"h":7.0,"cond":"Healthy","own":"Public","w":"46"}},{"type":"Feature","geometry":{"type":"Point","coordinates":[73.83582,18.538829]},"properties":{"b":"Ficus benghalensis Linn.","c":"Banyan Tree","l":"Vad","g":995.0,"h":10.0,"cond":"Healthy","own":"Government","w":"12"}},{"type":"Feature","geometry":{"type":"Point","coordinates":[73.829025,18.546266]},"properties":{"b":"Ficus benghalensis Linn.","c":"Banyan Tree","l":"Vad","g":987.0,"h":15.0,"cond":"Healthy","own":"Government","w":"7"}},{"type":"Feature","geometry":{"type":"Point","coordinates":[73.802457,18.563986]},"properties":{"b":"Moringa oleifera Lam.","c":"Drum Stick","l":"Shevga","g":985.0,"h":6.0,"cond":"Healthy","own":"Private","w":"9"}},{"type":"Feature","geometry":{"type":"Point","coordinates":[73.862272,18.448411]},"properties":{"b":"Leucaena leucocephala (Lamk.)De.wit.","c":"Subabul","l":"Subabul","g":983.0,"h":8.0,"cond":"Healthy","own":"Government","w":"75"}},{"type":"Feature","geometry":{"type":"Point","coordinates":[73.852801,18.483381]},"properties":{"b":"Cocos nucifera Linn.","c":"Coconut","l":"Naral","g":983.0,"h":10.0,"cond":"Healthy","own":"Private","w":"67"}},{"type":"Feature","geometry":{"type":"Point","coordinates":[73.78554,18.544096]},"properties":{"b":"","c":"Unidentified","l":"Unidentified","g":970.0,"h":18.0,"cond":"Healthy","own":"Private","w":"10"}},{"type":"Feature","geometry":{"type":"Point","coordinates":[73.931901,18.506015]},"properties":{"b":"Cocos nucifera Linn.","c":"Coconut","l":"Naral","g":953.0,"h":9.0,"cond":"Healthy","own":"Private","w":"20"}},{"type":"Feature","geometry":{"type":"Point","coordinates":[73.861283,18.530386]},"properties":{"b":"Ficus religiosa Linn.","c":"Pipal","l":"Pimpal","g":950.0,"h":13.0,"cond":"Healthy","own":"Government","w":"22"}},{"type":"Feature","geometry":{"type":"Point","coordinates":[73.919249,18.556018]},"properties":{"b":"Pithecellobium dulce (Roxb.)Benth.","c":"Manila Tamarind","l":"Villayati Chinch","g":937.0,"h":7.0,"cond":"Healthy","own":"Private","w":"3"}},{"type":"Feature","geometry":{"type":"Point","coordinates":[73.782509,18.502032]},"properties":{"b":"Gliricidia sepium (Jacq.) Walp.","c":"Giripushpa","l":"Giripushpa","g":936.0,"h":6.0,"cond":"Healthy","own":"Government","w":"29"}},{"type":"Feature","geometry":{"type":"Point","coordinates":[73.873736,18.478281]},"properties":{"b":"Cassia fistula Linn.","c":"Indian Laburnum","l":"Bahava","g":930.0,"h":5.0,"cond":"Healthy","own":"On Wall","w":"71"}},{"type":"Feature","geometry":{"type":"Point","coordinates":[73.927077,18.547142]},"properties":{"b":"Cocos nucifera Linn.","c":"Coconut","l":"Naral","g":925.0,"h":7.0,"cond":"Healthy","own":"Private","w":"19"}},{"type":"Feature","geometry":{"type":"Point","coordinates":[73.893047,18.544461]},"properties":{"b":"Dalbergia sissoo DC.","c":"Sesam","l":"Sisoo","g":905.0,"h":5.0,"cond":"Healthy","own":"Private","w":"17"}},{"type":"Feature","geometry":{"type":"Point","coordinates":[73.931075,18.503746]},"properties":{"b":"Bauhinia purpurea L.","c":"Orchid Tree","l":"Kanchan","g":902.0,"h":10.0,"cond":"Healthy","own":"Private","w":"20"}},{"type":"Feature","geometry":{"type":"Point","coordinates":[73.837046,18.479575]},"properties":{"b":"Delonix regia (Hook.) Raf.","c":"Gulmohar","l":"Gulmohar","g":901.0,"h":10.0,"cond":"Healthy","own":"Government","w":"53"}},{"type":"Feature","geometry":{"type":"Point","coordinates":[73.885402,18.538811]},"properties":{"b":"Ficus benghalensis Linn.","c":"Banyan Tree","l":"Vad","g":901.0,"h":13.0,"cond":"Healthy","own":"On Road","w":"21"}},{"type":"Feature","geometry":{"type":"Point","coordinates":[73.805403,18.499357]},"properties":{"b":"Ficus racemosa L.","c":"Cluster Fig Tree","l":"Umber","g":901.0,"h":9.0,"cond":"Healthy","own":"Private","w":"33"}},{"type":"Feature","geometry":{"type":"Point","coordinates":[73.859818,18.487313]},"properties":{"b":"Ficus benghalensis Linn.","c":"Banyan Tree","l":"Vad","g":900.0,"h":15.0,"cond":"Healthy","own":"Private","w":"66"}},{"type":"Feature","geometry":{"type":"Point","coordinates":[73.870421,18.547595]},"properties":{"b":"Ficus benghalensis Linn.","c":"Banyan Tree","l":"Vad","g":900.0,"h":11.0,"cond":"Healthy","own":"Semi Government","w":"14"}},{"type":"Feature","geometry":{"type":"Point","coordinates":[73.850544,18.479523]},"properties":{"b":"Polyalthia longifolia var.pendula","c":"Ashoka (D)","l":"Ashoka (D)","g":898.0,"h":10.0,"cond":"Healthy","own":"On Road","w":"67"}},{"type":"Feature","geometry":{"type":"Point","coordinates":[73.828959,18.54625]},"properties":{"b":"Ficus benghalensis Linn.","c":"Banyan Tree","l":"Vad","g":897.0,"h":15.0,"cond":"Healthy","own":"Government","w":"7"}},{"type":"Feature","geometry":{"type":"Point","coordinates":[73.829169,18.545737]},"properties":{"b":"Ficus benghalensis Linn.","c":"Banyan Tree","l":"Vad","g":890.0,"h":15.0,"cond":"Healthy","own":"Government","w":"7"}},{"type":"Feature","geometry":{"type":"Point","coordinates":[73.781969,18.502299]},"properties":{"b":"Gliricidia sepium (Jacq.) Walp.","c":"Giripushpa","l":"Giripushpa","g":888.0,"h":8.0,"cond":"Healthy","own":"Government","w":"29"}},{"type":"Feature","geometry":{"type":"Point","coordinates":[73.864187,18.454828]},"properties":{"b":"Leucaena leucocephala (Lamk.)De.wit.","c":"Subabul","l":"Subabul","g":888.0,"h":8.0,"cond":"Healthy","own":"Government","w":"75"}},{"type":"Feature","geometry":{"type":"Point","coordinates":[73.842484,18.466659]},"properties":{"b":"Gliricidia sepium (Jacq.) Walp.","c":"Giripushpa","l":"Giripushpa","g":886.0,"h":6.0,"cond":"Healthy","own":"Government","w":"53"}},{"type":"Feature","geometry":{"type":"Point","coordinates":[73.820433,18.53967]},"properties":{"b":"Ficus benghalensis Linn.","c":"Banyan Tree","l":"Vad","g":886.0,"h":14.0,"cond":"Healthy","own":"Government","w":"10"}},{"type":"Feature","geometry":{"type":"Point","coordinates":[73.837151,18.470021]},"properties":{"b":"Gliricidia sepium (Jacq.) Walp.","c":"Giripushpa","l":"Giripushpa","g":882.0,"h":3.0,"cond":"Healthy","own":"Government","w":"53"}},{"type":"Feature","geometry":{"type":"Point","coordinates":[73.828323,18.513035]},"properties":{"b":"Ficus benghalensis Linn.","c":"Banyan Tree","l":"Vad","g":876.0,"h":14.0,"cond":"Healthy","own":"Government","w":"36"}},{"type":"Feature","geometry":{"type":"Point","coordinates":[73.852802,18.523041]},"properties":{"b":"Tamarindus indica Linn.","c":"Tamarind","l":"Chinch","g":875.0,"h":15.0,"cond":"Healthy","own":"Private","w":"24"}},{"type":"Feature","geometry":{"type":"Point","coordinates":[73.867868,18.485424]},"properties":{"b":"Albizia saman (Jacq.) Merr.","c":"Rain Tree","l":"Rain Tree","g":869.0,"h":9.0,"cond":"Healthy","own":"On Road","w":"71"}},{"type":"Feature","geometry":{"type":"Point","coordinates":[73.910408,18.555007]},"properties":{"b":"Ficus benghalensis Linn.","c":"Banyan Tree","l":"Vad","g":869.0,"h":11.0,"cond":"Healthy","own":"Private","w":"18"}},{"type":"Feature","geometry":{"type":"Point","coordinates":[73.903477,18.473698]},"properties":{"b":"Leucaena leucocephala (Lamk.)De.wit.","c":"Subabul","l":"Subabul","g":867.0,"h":9.0,"cond":"Healthy","own":"Government","w":"62"}},{"type":"Feature","geometry":{"type":"Point","coordinates":[73.927739,18.528873]},"properties":{"b":"Ficus religiosa Linn.","c":"Pipal","l":"Pimpal","g":867.0,"h":12.0,"cond":"Healthy","own":"Private","w":"20"}},{"type":"Feature","geometry":{"type":"Point","coordinates":[73.834415,18.527887]},"properties":{"b":"Albizia saman (Jacq.) Merr.","c":"Rain Tree","l":"Rain Tree","g":864.0,"h":18.0,"cond":"Healthy","own":"Private","w":"25"}},{"type":"Feature","geometry":{"type":"Point","coordinates":[73.891308,18.535859]},"properties":{"b":"Ficus benghalensis Linn.","c":"Banyan Tree","l":"Vad","g":860.0,"h":22.0,"cond":"Healthy","own":"On Foot Path","w":"21"}},{"type":"Feature","geometry":{"type":"Point","coordinates":[73.831868,18.485158]},"properties":{"b":"Leucaena leucocephala (Lamk.)De.wit.","c":"Subabul","l":"Subabul","g":857.0,"h":5.0,"cond":"Healthy","own":"Government","w":"53"}},{"type":"Feature","geometry":{"type":"Point","coordinates":[73.832672,18.484666]},"properties":{"b":"Gliricidia sepium (Jacq.) Walp.","c":"Giripushpa","l":"Giripushpa","g":856.0,"h":9.0,"cond":"Healthy","own":"Government","w":"53"}},{"type":"Feature","geometry":{"type":"Point","coordinates":[73.8796,18.535415]},"properties":{"b":"Ficus benghalensis Linn.","c":"Banyan Tree","l":"Vad","g":850.0,"h":18.0,"cond":"Healthy","own":"Private","w":"21"}},{"type":"Feature","geometry":{"type":"Point","coordinates":[73.88543,18.538304]},"properties":{"b":"Ficus benghalensis Linn.","c":"Banyan Tree","l":"Vad","g":838.0,"h":13.0,"cond":"Healthy","own":"On Road","w":"21"}},{"type":"Feature","geometry":{"type":"Point","coordinates":[73.85588,18.520139]},"properties":{"b":"Ficus benghalensis Linn.","c":"Banyan Tree","l":"Vad","g":834.0,"h":14.0,"cond":"Healthy","own":"Public","w":"37"}},{"type":"Feature","geometry":{"type":"Point","coordinates":[73.885373,18.539313]},"properties":{"b":"Ficus benghalensis Linn.","c":"Banyan Tree","l":"Vad","g":830.0,"h":13.0,"cond":"Healthy","own":"On Road","w":"21"}},{"type":"Feature","geometry":{"type":"Point","coordinates":[73.885613,18.540252]},"properties":{"b":"Annona reticulata Linn.","c":"Bull's Heart","l":"Ramphal","g":826.0,"h":8.0,"cond":"Healthy","own":"Government","w":"21"}},{"type":"Feature","geometry":{"type":"Point","coordinates":[73.907668,18.495132]},"properties":{"b":"Ficus benghalensis Linn.","c":"Banyan Tree","l":"Vad","g":824.0,"h":14.0,"cond":"Healthy","own":"Government","w":"46"}},{"type":"Feature","geometry":{"type":"Point","coordinates":[73.851259,18.528731]},"properties":{"b":"Ficus benghalensis Linn.","c":"Banyan Tree","l":"Vad","g":815.0,"h":18.0,"cond":"Healthy","own":"Government","w":"24"}},{"type":"Feature","geometry":{"type":"Point","coordinates":[73.938693,18.580028]},"properties":{"b":"Leucaena leucocephala (Lamk.)De.wit.","c":"Subabul","l":"Subabul","g":812.0,"h":8.0,"cond":"Healthy","own":"Public","w":"1"}},{"type":"Feature","geometry":{"type":"Point","coordinates":[73.833359,18.488368]},"properties":{"b":"Leucaena leucocephala (Lamk.)De.wit.","c":"Subabul","l":"Subabul","g":809.0,"h":10.0,"cond":"Healthy","own":"Government","w":"56"}},{"type":"Feature","geometry":{"type":"Point","coordinates":[73.873637,18.488023]},"properties":{"b":"Artocarpus heterophyllus Lamk.","c":"Jackfruit","l":"Phanas","g":805.0,"h":8.0,"cond":"Healthy","own":"Private","w":"64"}},{"type":"Feature","geometry":{"type":"Point","coordinates":[73.896413,18.532297]},"properties":{"b":"Phoenix dactylifera Linn.","c":"Date Palm","l":"Khajur","g":804.0,"h":4.0,"cond":"Healthy","own":"Private","w":"21"}},{"type":"Feature","geometry":{"type":"Point","coordinates":[73.938139,18.583963]},"properties":{"b":"Leucaena leucocephala (Lamk.)De.wit.","c":"Subabul","l":"Subabul","g":803.0,"h":8.0,"cond":"Healthy","own":"Private","w":"1"}},{"type":"Feature","geometry":{"type":"Point","coordinates":[73.813517,18.542408]},"properties":{"b":"Ficus benghalensis Linn.","c":"Banyan Tree","l":"Vad","g":800.0,"h":10.0,"cond":"Healthy","own":"Government","w":"8"}},{"type":"Feature","geometry":{"type":"Point","coordinates":[73.872511,18.549957]},"properties":{"b":"Ficus benghalensis Linn.","c":"Banyan Tree","l":"Vad","g":800.0,"h":11.0,"cond":"Healthy","own":"Semi Government","w":"14"}},{"type":"Feature","geometry":{"type":"Point","coordinates":[73.904164,18.478847]},"properties":{"b":"Ficus benghalensis Linn.","c":"Banyan Tree","l":"Vad","g":800.0,"h":12.0,"cond":"Healthy","own":"Private","w":"61"}},{"type":"Feature","geometry":{"type":"Point","coordinates":[73.845916,18.486308]},"properties":{"b":"Albizia saman (Jacq.) Merr.","c":"Rain Tree","l":"Rain Tree","g":800.0,"h":8.0,"cond":"Healthy","own":"Private","w":"68"}},{"type":"Feature","geometry":{"type":"Point","coordinates":[73.849461,18.525362]},"properties":{"b":"Albizia saman (Jacq.) Merr.","c":"Rain Tree","l":"Rain Tree","g":800.0,"h":20.0,"cond":"Average","own":"Private","w":"12"}},{"type":"Feature","geometry":{"type":"Point","coordinates":[73.907312,18.496118]},"properties":{"b":"Ficus benghalensis Linn.","c":"Banyan Tree","l":"Vad","g":800.0,"h":18.0,"cond":"Healthy","own":"Government","w":"46"}},{"type":"Feature","geometry":{"type":"Point","coordinates":[73.87397,18.546721]},"properties":{"b":"Ficus benghalensis Linn.","c":"Banyan Tree","l":"Vad","g":800.0,"h":12.0,"cond":"Healthy","own":"On Foot Path","w":"14"}},{"type":"Feature","geometry":{"type":"Point","coordinates":[73.888421,18.481813]},"properties":{"b":"Ficus benghalensis Linn.","c":"Banyan Tree","l":"Vad","g":800.0,"h":7.0,"cond":"Healthy","own":"Private","w":"63"}},{"type":"Feature","geometry":{"type":"Point","coordinates":[73.894256,18.536115]},"properties":{"b":"Ficus benghalensis Linn.","c":"Banyan Tree","l":"Vad","g":800.0,"h":12.0,"cond":"Healthy","own":"On Foot Path","w":"21"}},{"type":"Feature","geometry":{"type":"Point","coordinates":[73.888297,18.476816]},"properties":{"b":"Ficus benghalensis Linn.","c":"Banyan Tree","l":"Vad","g":800.0,"h":7.0,"cond":"Healthy","own":"Public","w":"63"}},{"type":"Feature","geometry":{"type":"Point","coordinates":[73.907489,18.495251]},"properties":{"b":"Ficus benghalensis Linn.","c":"Banyan Tree","l":"Vad","g":798.0,"h":14.0,"cond":"Healthy","own":"Government","w":"46"}},{"type":"Feature","geometry":{"type":"Point","coordinates":[73.898673,18.495492]},"properties":{"b":"Ficus benghalensis Linn.","c":"Banyan Tree","l":"Vad","g":793.0,"h":18.0,"cond":"Healthy","own":"Private","w":"46"}},{"type":"Feature","geometry":{"type":"Point","coordinates":[73.87166,18.467405]},"properties":{"b":"Cocos nucifera Linn.","c":"Coconut","l":"Naral","g":790.0,"h":8.0,"cond":"Healthy","own":"Private","w":"72"}},{"type":"Feature","geometry":{"type":"Point","coordinates":[73.870649,18.491247]},"properties":{"b":"Albizia saman (Jacq.) Merr.","c":"Rain Tree","l":"Rain Tree","g":789.0,"h":9.0,"cond":"Healthy","own":"Private","w":"64"}},{"type":"Feature","geometry":{"type":"Point","coordinates":[73.894249,18.547243]},"properties":{"b":"Albizia saman (Jacq.) Merr.","c":"Rain Tree","l":"Rain Tree","g":785.0,"h":11.0,"cond":"Healthy","own":"Private","w":"17"}},{"type":"Feature","geometry":{"type":"Point","coordinates":[73.837717,18.536088]},"properties":{"b":"Ficus benghalensis Linn.","c":"Banyan Tree","l":"Vad","g":783.0,"h":10.0,"cond":"Healthy","own":"Government","w":"12"}},{"type":"Feature","geometry":{"type":"Point","coordinates":[73.848471,18.533752]},"properties":{"b":"Albizia saman (Jacq.) Merr.","c":"Rain Tree","l":"Rain Tree","g":781.0,"h":16.0,"cond":"Healthy","own":"Private","w":"13"}},{"type":"Feature","geometry":{"type":"Point","coordinates":[73.848295,18.533636]},"properties":{"b":"Albizia saman (Jacq.) Merr.","c":"Rain Tree","l":"Rain Tree","g":781.0,"h":13.0,"cond":"Healthy","own":"Private","w":"13"}},{"type":"Feature","geometry":{"type":"Point","coordinates":[73.847961,18.533376]},"properties":{"b":"Albizia saman (Jacq.) Merr.","c":"Rain Tree","l":"Rain Tree","g":781.0,"h":14.0,"cond":"Healthy","own":"Private","w":"13"}},{"type":"Feature","geometry":{"type":"Point","coordinates":[73.885393,18.539128]},"properties":{"b":"Ficus benghalensis Linn.","c":"Banyan Tree","l":"Vad","g":780.0,"h":10.0,"cond":"Healthy","own":"On Foot Path","w":"21"}},{"type":"Feature","geometry":{"type":"Point","coordinates":[73.870161,18.524336]},"properties":{"b":"Ficus benghalensis Linn.","c":"Banyan Tree","l":"Vad","g":780.0,"h":16.0,"cond":"Healthy","own":"Private","w":"40"}},{"type":"Feature","geometry":{"type":"Point","coordinates":[73.86193,18.486316]},"properties":{"b":"Cocos nucifera Linn.","c":"Coconut","l":"Naral","g":780.0,"h":8.0,"cond":"Healthy","own":"Private","w":"66"}},{"type":"Feature","geometry":{"type":"Point","coordinates":[73.885482,18.544874]},"properties":{"b":"Ficus benghalensis Linn.","c":"Banyan Tree","l":"Vad","g":780.0,"h":12.0,"cond":"Healthy","own":"Private","w":"14"}},{"type":"Feature","geometry":{"type":"Point","coordinates":[73.841585,18.524699]},"properties":{"b":"Caryota urens Linn.","c":"Fish Tail Palm","l":"Bherali Mad","g":779.0,"h":5.0,"cond":"Healthy","own":"On Wall","w":"24"}},{"type":"Feature","geometry":{"type":"Point","coordinates":[73.855866,18.520118]},"properties":{"b":"Ficus benghalensis Linn.","c":"Banyan Tree","l":"Vad","g":779.0,"h":21.0,"cond":"Healthy","own":"Government","w":"37"}},{"type":"Feature","geometry":{"type":"Point","coordinates":[73.865329,18.481361]},"properties":{"b":"Jacaranda mimosifolia D.Don","c":"Blue Jacaranda","l":"Nilmohar","g":774.0,"h":13.0,"cond":"Healthy","own":"Private","w":"71"}},{"type":"Feature","geometry":{"type":"Point","coordinates":[73.894027,18.534662]},"properties":{"b":"Ficus benghalensis Linn.","c":"Banyan Tree","l":"Vad","g":770.0,"h":13.0,"cond":"Healthy","own":"On Foot Path","w":"21"}},{"type":"Feature","geometry":{"type":"Point","coordinates":[73.816979,18.562766]},"properties":{"b":"Ficus benghalensis Linn.","c":"Banyan Tree","l":"Vad","g":768.0,"h":14.0,"cond":"Healthy","own":"On Foot Path","w":"7"}},{"type":"Feature","geometry":{"type":"Point","coordinates":[73.92662,18.513378]},"properties":{"b":"Grevillea robusta A.Cunn. ex R.Br.","c":"Silver Oak","l":"Silver Oak","g":767.0,"h":16.0,"cond":"Healthy","own":"Garden","w":"20"}},{"type":"Feature","geometry":{"type":"Point","coordinates":[73.828749,18.547708]},"properties":{"b":"Broussonetia papyrifera (Linn.) L'Herrit ex Vent","c":"Paper Mulberry","l":"Jangali Toot","g":764.0,"h":10.0,"cond":"Healthy","own":"Government","w":"7"}},{"type":"Feature","geometry":{"type":"Point","coordinates":[73.829543,18.55112]},"properties":{"b":"Ficus microcarpa Linn.f.","c":"Chinese Banyan","l":"Nandruk","g":763.0,"h":16.0,"cond":"Healthy","own":"Government","w":"7"}},{"type":"Feature","geometry":{"type":"Point","coordinates":[73.892244,18.536735]},"properties":{"b":"Ficus benghalensis Linn.","c":"Banyan Tree","l":"Vad","g":760.0,"h":21.0,"cond":"Healthy","own":"On Foot Path","w":"21"}},{"type":"Feature","geometry":{"type":"Point","coordinates":[73.843585,18.498915]},"properties":{"b":"Ficus elastica Roxb. ex Hornem","c":"Indian Rubber Tree","l":"Indian Rubber Tree","g":760.0,"h":11.0,"cond":"Healthy","own":"Private","w":"56"}},{"type":"Feature","geometry":{"type":"Point","coordinates":[73.870219,18.524316]},"properties":{"b":"Ficus benghalensis Linn.","c":"Banyan Tree","l":"Vad","g":760.0,"h":15.0,"cond":"Healthy","own":"Private","w":"40"}},{"type":"Feature","geometry":{"type":"Point","coordinates":[73.875648,18.491478]},"properties":{"b":"Dalbergia lanceolaria Linn.f.","c":"Dandus","l":"Dandus","g":759.0,"h":9.0,"cond":"Healthy","own":"Private","w":"64"}},{"type":"Feature","geometry":{"type":"Point","coordinates":[73.896779,18.571427]},"properties":{"b":"Acacia polyacantha Willd.","c":"White Catechu","l":"Sonkhair","g":758.0,"h":10.0,"cond":"Average","own":"Government","w":"4"}},{"type":"Feature","geometry":{"type":"Point","coordinates":[73.769465,18.555603]},"properties":{"b":"Spathodea campanulata Beauv.","c":"Fountain Tree","l":"Pichkari","g":756.0,"h":12.0,"cond":"Healthy","own":"Private","w":"9"}},{"type":"Feature","geometry":{"type":"Point","coordinates":[73.917094,18.497233]},"properties":{"b":"Roystonea regia (Kunth) O.F.Cook","c":"Bottle Palm","l":"Royal Palm","g":756.0,"h":7.0,"cond":"Healthy","own":"Private","w":"46"}},{"type":"Feature","geometry":{"type":"Point","coordinates":[73.894358,18.547015]},"properties":{"b":"Albizia saman (Jacq.) Merr.","c":"Rain Tree","l":"Rain Tree","g":754.0,"h":9.0,"cond":"Healthy","own":"Private","w":"17"}},{"type":"Feature","geometry":{"type":"Point","coordinates":[73.849511,18.465487]},"properties":{"b":"Ficus religiosa Linn.","c":"Pipal","l":"Pimpal","g":754.0,"h":12.0,"cond":"Healthy","own":"Private","w":"74"}},{"type":"Feature","geometry":{"type":"Point","coordinates":[73.833574,18.527303]},"properties":{"b":"Ficus benghalensis Linn.","c":"Banyan Tree","l":"Vad","g":754.0,"h":16.0,"cond":"Healthy","own":"On Foot Path","w":"25"}},{"type":"Feature","geometry":{"type":"Point","coordinates":[73.885262,18.540857]},"properties":{"b":"Ficus benghalensis Linn.","c":"Banyan Tree","l":"Vad","g":753.0,"h":21.0,"cond":"Healthy","own":"On Road","w":"21"}},{"type":"Feature","geometry":{"type":"Point","coordinates":[73.796626,18.519977]},"properties":{"b":"Dalbergia melanoxylon Guill. & Perr.","c":"African Black wood","l":"Patangi","g":753.0,"h":3.0,"cond":"Healthy","own":"Government","w":"28"}},{"type":"Feature","geometry":{"type":"Point","coordinates":[73.883548,18.482599]},"properties":{"b":"Ficus benghalensis Linn.","c":"Banyan Tree","l":"Vad","g":752.0,"h":8.0,"cond":"Healthy","own":"Private","w":"63"}},{"type":"Feature","geometry":{"type":"Point","coordinates":[73.845109,18.504002]},"properties":{"b":"Albizia saman (Jacq.) Merr.","c":"Rain Tree","l":"Rain Tree","g":752.0,"h":15.0,"cond":"Healthy","own":"On Foot Path","w":"52"}},{"type":"Feature","geometry":{"type":"Point","coordinates":[73.916729,18.495633]},"properties":{"b":"Eucalyptus globulus Labil.","c":"Nilgiri","l":"Nilgiri","g":751.0,"h":8.0,"cond":"Healthy","own":"Private","w":"46"}},{"type":"Feature","geometry":{"type":"Point","coordinates":[73.890702,18.557411]},"properties":{"b":"Ficus religiosa Linn.","c":"Pipal","l":"Pimpal","g":751.0,"h":13.0,"cond":"Healthy","own":"Private","w":"16"}},{"type":"Feature","geometry":{"type":"Point","coordinates":[73.874354,18.550315]},"properties":{"b":"Ficus benghalensis Linn.","c":"Banyan Tree","l":"Vad","g":750.0,"h":12.0,"cond":"Healthy","own":"Semi Government","w":"14"}},{"type":"Feature","geometry":{"type":"Point","coordinates":[73.819104,18.53825]},"properties":{"b":"Ficus benghalensis Linn.","c":"Banyan Tree","l":"Vad","g":750.0,"h":16.0,"cond":"Healthy","own":"Private","w":"10"}},{"type":"Feature","geometry":{"type":"Point","coordinates":[73.878884,18.56257]},"properties":{"b":"Ficus benghalensis Linn.","c":"Banyan Tree","l":"Vad","g":750.0,"h":8.0,"cond":"Average","own":"Government","w":"16"}},{"type":"Feature","geometry":{"type":"Point","coordinates":[73.869956,18.524444]},"properties":{"b":"Ficus benghalensis Linn.","c":"Banyan Tree","l":"Vad","g":750.0,"h":15.0,"cond":"Healthy","own":"Private","w":"40"}},{"type":"Feature","geometry":{"type":"Point","coordinates":[73.893787,18.534355]},"properties":{"b":"Ficus benghalensis Linn.","c":"Banyan Tree","l":"Vad","g":750.0,"h":15.0,"cond":"Healthy","own":"On Road","w":"21"}},{"type":"Feature","geometry":{"type":"Point","coordinates":[73.878732,18.537522]},"properties":{"b":"Ficus benghalensis Linn.","c":"Banyan Tree","l":"Vad","g":750.0,"h":18.0,"cond":"Healthy","own":"Private","w":"21"}},{"type":"Feature","geometry":{"type":"Point","coordinates":[73.871577,18.52722]},"properties":{"b":"Ficus benghalensis Linn.","c":"Banyan Tree","l":"Vad","g":748.0,"h":15.0,"cond":"Healthy","own":"Government","w":"40"}},{"type":"Feature","geometry":{"type":"Point","coordinates":[73.892166,18.53651]},"properties":{"b":"Ficus benghalensis Linn.","c":"Banyan Tree","l":"Vad","g":748.0,"h":14.0,"cond":"Healthy","own":"On Foot Path","w":"21"}},{"type":"Feature","geometry":{"type":"Point","coordinates":[73.852661,18.531704]},"properties":{"b":"Ficus benghalensis Linn.","c":"Banyan Tree","l":"Vad","g":746.0,"h":21.0,"cond":"Healthy","own":"Government","w":"13"}},{"type":"Feature","geometry":{"type":"Point","coordinates":[73.891849,18.534176]},"properties":{"b":"Ficus benghalensis Linn.","c":"Banyan Tree","l":"Vad","g":745.0,"h":15.0,"cond":"Healthy","own":"On Road","w":"21"}},{"type":"Feature","geometry":{"type":"Point","coordinates":[73.894536,18.547111]},"properties":{"b":"Delonix regia (Hook.) Raf.","c":"Gulmohar","l":"Gulmohar","g":745.0,"h":12.0,"cond":"Healthy","own":"Private","w":"17"}},{"type":"Feature","geometry":{"type":"Point","coordinates":[73.830306,18.551729]},"properties":{"b":"Ficus benghalensis Linn.","c":"Banyan Tree","l":"Vad","g":743.0,"h":14.0,"cond":"Healthy","own":"Government","w":"7"}},{"type":"Feature","geometry":{"type":"Point","coordinates":[73.897234,18.545951]},"properties":{"b":"Roystonea regia (Kunth) O.F.Cook","c":"Bottle Palm","l":"Royal Palm","g":742.0,"h":11.0,"cond":"Healthy","own":"On Road","w":"17"}},{"type":"Feature","geometry":{"type":"Point","coordinates":[73.87618,18.523188]},"properties":{"b":"Ficus benghalensis Linn.","c":"Banyan Tree","l":"Vad","g":740.0,"h":14.0,"cond":"Healthy","own":"On Road","w":"40"}},{"type":"Feature","geometry":{"type":"Point","coordinates":[73.865152,18.523814]},"properties":{"b":"Albizia saman (Jacq.) Merr.","c":"Rain Tree","l":"Rain Tree","g":735.0,"h":14.0,"cond":"Healthy","own":"Private","w":"40"}},{"type":"Feature","geometry":{"type":"Point","coordinates":[73.898766,18.551121]},"properties":{"b":"Leucaena leucocephala (Lamk.)De.wit.","c":"Subabul","l":"Subabul","g":734.0,"h":11.0,"cond":"Healthy","own":"Semi Government","w":"17"}},{"type":"Feature","geometry":{"type":"Point","coordinates":[73.894151,18.442614]},"properties":{"b":"Azadirachta indica Juss.","c":"Neem","l":"Neem","g":732.0,"h":9.0,"cond":"Healthy","own":"Private","w":"62"}},{"type":"Feature","geometry":{"type":"Point","coordinates":[73.885343,18.539666]},"properties":{"b":"Ficus benghalensis Linn.","c":"Banyan Tree","l":"Vad","g":730.0,"h":15.0,"cond":"Healthy","own":"On Road","w":"21"}},{"type":"Feature","geometry":{"type":"Point","coordinates":[73.859407,18.528769]},"properties":{"b":"Ficus benghalensis Linn.","c":"Banyan Tree","l":"Vad","g":727.0,"h":14.0,"cond":"Healthy","own":"Government","w":"13"}},{"type":"Feature","geometry":{"type":"Point","coordinates":[73.858042,18.530749]},"properties":{"b":"Albizia saman (Jacq.) Merr.","c":"Rain Tree","l":"Rain Tree","g":724.0,"h":14.0,"cond":"Healthy","own":"Government","w":"13"}},{"type":"Feature","geometry":{"type":"Point","coordinates":[73.831209,18.50266]},"properties":{"b":"","c":"Dead","l":"Dead","g":724.0,"h":4.0,"cond":"Dead","own":"Private","w":"35"}},{"type":"Feature","geometry":{"type":"Point","coordinates":[73.878938,18.571834]},"properties":{"b":"Artocarpus heterophyllus Lamk.","c":"Jackfruit","l":"Phanas","g":723.0,"h":8.0,"cond":"Healthy","own":"Private","w":"5"}},{"type":"Feature","geometry":{"type":"Point","coordinates":[73.811713,18.545734]},"properties":{"b":"Ficus benghalensis Linn.","c":"Banyan Tree","l":"Vad","g":723.0,"h":12.0,"cond":"Healthy","own":"Government","w":"8"}},{"type":"Feature","geometry":{"type":"Point","coordinates":[73.855087,18.500412]},"properties":{"b":"Ficus racemosa L.","c":"Cluster Fig Tree","l":"Umber","g":722.0,"h":13.0,"cond":"Healthy","own":"Private","w":"57"}},{"type":"Feature","geometry":{"type":"Point","coordinates":[73.913389,18.501031]},"properties":{"b":"Leucaena leucocephala (Lamk.)De.wit.","c":"Subabul","l":"Subabul","g":721.0,"h":10.0,"cond":"Healthy","own":"Government","w":"46"}},{"type":"Feature","geometry":{"type":"Point","coordinates":[73.842668,18.511554]},"properties":{"b":"Ficus benghalensis Linn.","c":"Banyan Tree","l":"Vad","g":721.0,"h":12.0,"cond":"Healthy","own":"Private","w":"52"}},{"type":"Feature","geometry":{"type":"Point","coordinates":[73.856052,18.481157]},"properties":{"b":"Ficus religiosa Linn.","c":"Pipal","l":"Pimpal","g":720.0,"h":15.0,"cond":"Healthy","own":"On Foot Path","w":"67"}},{"type":"Feature","geometry":{"type":"Point","coordinates":[73.844711,18.525113]},"properties":{"b":"Ficus benghalensis Linn.","c":"Banyan Tree","l":"Vad","g":720.0,"h":14.0,"cond":"Healthy","own":"Government","w":"24"}},{"type":"Feature","geometry":{"type":"Point","coordinates":[73.909555,18.500593]},"properties":{"b":"Ficus benghalensis Linn.","c":"Banyan Tree","l":"Vad","g":720.0,"h":20.0,"cond":"Healthy","own":"Government","w":"46"}},{"type":"Feature","geometry":{"type":"Point","coordinates":[73.829671,18.555635]},"properties":{"b":"Ficus benghalensis Linn.","c":"Banyan Tree","l":"Vad","g":720.0,"h":16.0,"cond":"Healthy","own":"Government","w":"7"}},{"type":"Feature","geometry":{"type":"Point","coordinates":[73.857059,18.530774]},"properties":{"b":"Albizia saman (Jacq.) Merr.","c":"Rain Tree","l":"Rain Tree","g":713.0,"h":13.0,"cond":"Healthy","own":"Government","w":"13"}},{"type":"Feature","geometry":{"type":"Point","coordinates":[73.859673,18.530721]},"properties":{"b":"Ficus benghalensis Linn.","c":"Banyan Tree","l":"Vad","g":712.0,"h":13.0,"cond":"Healthy","own":"Government","w":"13"}},{"type":"Feature","geometry":{"type":"Point","coordinates":[73.866292,18.513086]},"properties":{"b":"Ficus benghalensis Linn.","c":"Banyan Tree","l":"Vad","g":712.0,"h":12.0,"cond":"Healthy","own":"Private","w":"48"}},{"type":"Feature","geometry":{"type":"Point","coordinates":[73.863008,18.527117]},"properties":{"b":"Ficus benghalensis Linn.","c":"Banyan Tree","l":"Vad","g":711.0,"h":14.0,"cond":"Healthy","own":"Government","w":"23"}},{"type":"Feature","geometry":{"type":"Point","coordinates":[73.92821,18.517338]},"properties":{"b":"Azadirachta indica Juss.","c":"Neem","l":"Neem","g":706.0,"h":11.0,"cond":"Healthy","own":"On Foot Path","w":"20"}},{"type":"Feature","geometry":{"type":"Point","coordinates":[73.865456,18.516718]},"properties":{"b":"Ficus religiosa Linn.","c":"Pipal","l":"Pimpal","g":704.0,"h":15.0,"cond":"Healthy","own":"Private","w":"39"}},{"type":"Feature","geometry":{"type":"Point","coordinates":[73.865662,18.516765]},"properties":{"b":"Ficus religiosa Linn.","c":"Pipal","l":"Pimpal","g":704.0,"h":15.0,"cond":"Healthy","own":"Private","w":"39"}},{"type":"Feature","geometry":{"type":"Point","coordinates":[73.929388,18.534596]},"properties":{"b":"Ficus benghalensis Linn.","c":"Banyan Tree","l":"Vad","g":701.0,"h":6.0,"cond":"Healthy","own":"Government","w":"20"}},{"type":"Feature","geometry":{"type":"Point","coordinates":[73.846033,18.505705]},"properties":{"b":"Ficus benghalensis Linn.","c":"Banyan Tree","l":"Vad","g":700.0,"h":13.0,"cond":"Healthy","own":"Private","w":"51"}},{"type":"Feature","geometry":{"type":"Point","coordinates":[73.841022,18.533188]},"properties":{"b":"Ficus benghalensis Linn.","c":"Banyan Tree","l":"Vad","g":700.0,"h":18.0,"cond":"Healthy","own":"On Foot Path","w":"12"}},{"type":"Feature","geometry":{"type":"Point","coordinates":[73.893497,18.565469]},"properties":{"b":"Ficus benghalensis Linn.","c":"Banyan Tree","l":"Vad","g":700.0,"h":7.0,"cond":"Healthy","own":"Government","w":"4"}},{"type":"Feature","geometry":{"type":"Point","coordinates":[73.858853,18.479311]},"properties":{"b":"Ficus benghalensis Linn.","c":"Banyan Tree","l":"Vad","g":700.0,"h":12.0,"cond":"Healthy","own":"Private","w":"71"}},{"type":"Feature","geometry":{"type":"Point","coordinates":[73.85491,18.477027]},"properties":{"b":"Ficus religiosa Linn.","c":"Pipal","l":"Pimpal","g":700.0,"h":11.0,"cond":"Healthy","own":"Public","w":"67"}},{"type":"Feature","geometry":{"type":"Point","coordinates":[73.861507,18.509201]},"properties":{"b":"Ficus benghalensis Linn.","c":"Banyan Tree","l":"Vad","g":700.0,"h":15.0,"cond":"Healthy","own":"Government","w":"49"}},{"type":"Feature","geometry":{"type":"Point","coordinates":[73.944861,18.50138]},"properties":{"b":"Ficus virens Aiton","c":"White Fig","l":"Piparni","g":700.0,"h":16.0,"cond":"Healthy","own":"Private","w":"43"}},{"type":"Feature","geometry":{"type":"Point","coordinates":[73.848481,18.529731]},"properties":{"b":"Albizia saman (Jacq.) Merr.","c":"Rain Tree","l":"Rain Tree","g":700.0,"h":17.0,"cond":"Healthy","own":"Government","w":"12"}},{"type":"Feature","geometry":{"type":"Point","coordinates":[73.879127,18.562511]},"properties":{"b":"Ficus benghalensis Linn.","c":"Banyan Tree","l":"Vad","g":700.0,"h":8.0,"cond":"Average","own":"Government","w":"16"}},{"type":"Feature","geometry":{"type":"Point","coordinates":[73.875886,18.585056]},"properties":{"b":"Ficus benghalensis Linn.","c":"Banyan Tree","l":"Vad","g":700.0,"h":13.0,"cond":"Healthy","own":"Private","w":"5"}},{"type":"Feature","geometry":{"type":"Point","coordinates":[73.867839,18.500456]},"properties":{"b":"Ficus religiosa Linn.","c":"Pipal","l":"Pimpal","g":700.0,"h":13.0,"cond":"Healthy","own":"Government","w":"66"}},{"type":"Feature","geometry":{"type":"Point","coordinates":[73.852326,18.503292]},"properties":{"b":"Albizia saman (Jacq.) Merr.","c":"Rain Tree","l":"Rain Tree","g":700.0,"h":11.0,"cond":"Healthy","own":"Government","w":"57"}},{"type":"Feature","geometry":{"type":"Point","coordinates":[73.895893,18.54058]},"properties":{"b":"Albizia saman (Jacq.) Merr.","c":"Rain Tree","l":"Rain Tree","g":700.0,"h":15.0,"cond":"Healthy","own":"Private","w":"21"}},{"type":"Feature","geometry":{"type":"Point","coordinates":[73.862993,18.492527]},"properties":{"b":"Ficus benghalensis Linn.","c":"Banyan Tree","l":"Vad","g":700.0,"h":11.0,"cond":"Healthy","own":"Garden","w":"66"}},{"type":"Feature","geometry":{"type":"Point","coordinates":[73.888453,18.471961]},"properties":{"b":"Cascabela thevetia (L.) Lippold","c":"Bitti","l":"Pivla Kanher","g":699.0,"h":13.0,"cond":"Healthy","own":"Private","w":"63"}},{"type":"Feature","geometry":{"type":"Point","coordinates":[73.874495,18.496882]},"properties":{"b":"Albizia saman (Jacq.) Merr.","c":"Rain Tree","l":"Rain Tree","g":698.0,"h":9.0,"cond":"Healthy","own":"Private","w":"64"}},{"type":"Feature","geometry":{"type":"Point","coordinates":[73.872466,18.493965]},"properties":{"b":"Ficus religiosa Linn.","c":"Pipal","l":"Pimpal","g":698.0,"h":9.0,"cond":"Healthy","own":"Private","w":"64"}},{"type":"Feature","geometry":{"type":"Point","coordinates":[73.874771,18.486811]},"properties":{"b":"Albizia saman (Jacq.) Merr.","c":"Rain Tree","l":"Rain Tree","g":698.0,"h":14.0,"cond":"Healthy","own":"Garden","w":"64"}},{"type":"Feature","geometry":{"type":"Point","coordinates":[73.873106,18.495679]},"properties":{"b":"Khaya senegalensis (Desr.)A.Juss.","c":"African Mahogani","l":"Khaya","g":698.0,"h":10.0,"cond":"Healthy","own":"Private","w":"64"}},{"type":"Feature","geometry":{"type":"Point","coordinates":[73.845219,18.533205]},"properties":{"b":"Ficus benghalensis Linn.","c":"Banyan Tree","l":"Vad","g":698.0,"h":19.0,"cond":"Healthy","own":"Government","w":"13"}},{"type":"Feature","geometry":{"type":"Point","coordinates":[73.853123,18.461496]},"properties":{"b":"Delonix regia (Hook.) Raf.","c":"Gulmohar","l":"Gulmohar","g":698.0,"h":10.0,"cond":"Healthy","own":"Private","w":"74"}},{"type":"Feature","geometry":{"type":"Point","coordinates":[73.874975,18.496989]},"properties":{"b":"Mangifera indica Linn.","c":"Mango","l":"Amba","g":698.0,"h":9.0,"cond":"Healthy","own":"Private","w":"64"}},{"type":"Feature","geometry":{"type":"Point","coordinates":[73.871478,18.495714]},"properties":{"b":"Ficus benghalensis Linn.","c":"Banyan Tree","l":"Vad","g":698.0,"h":9.0,"cond":"Healthy","own":"Private","w":"64"}},{"type":"Feature","geometry":{"type":"Point","coordinates":[73.860682,18.474408]},"properties":{"b":"Albizia saman (Jacq.) Merr.","c":"Rain Tree","l":"Rain Tree","g":697.0,"h":13.0,"cond":"Healthy","own":"Semi Government","w":"70"}},{"type":"Feature","geometry":{"type":"Point","coordinates":[73.883302,18.539094]},"properties":{"b":"Cassia grandis L.f.","c":"Pink Shower","l":"Pink Shower","g":695.0,"h":11.0,"cond":"Healthy","own":"Government","w":"21"}},{"type":"Feature","geometry":{"type":"Point","coordinates":[73.866372,18.536184]},"properties":{"b":"Ficus benghalensis Linn.","c":"Banyan Tree","l":"Vad","g":692.0,"h":14.0,"cond":"Healthy","own":"Public","w":"22"}},{"type":"Feature","geometry":{"type":"Point","coordinates":[73.831288,18.539845]},"properties":{"b":"Ficus religiosa Linn.","c":"Pipal","l":"Pimpal","g":692.0,"h":18.0,"cond":"Healthy","own":"Government","w":"12"}},{"type":"Feature","geometry":{"type":"Point","coordinates":[73.891402,18.533199]},"properties":{"b":"Ficus benghalensis Linn.","c":"Banyan Tree","l":"Vad","g":690.0,"h":11.0,"cond":"Healthy","own":"On Foot Path","w":"21"}},{"type":"Feature","geometry":{"type":"Point","coordinates":[73.901465,18.515501]},"properties":{"b":"Ficus religiosa Linn.","c":"Pipal","l":"Pimpal","g":689.0,"h":9.0,"cond":"Healthy","own":"Private","w":"41"}},{"type":"Feature","geometry":{"type":"Point","coordinates":[73.873533,18.496693]},"properties":{"b":"Ficus microcarpa Linn.f.","c":"Chinese Banyan","l":"Nandruk","g":689.0,"h":10.0,"cond":"Healthy","own":"Private","w":"64"}},{"type":"Feature","geometry":{"type":"Point","coordinates":[73.872628,18.503412]},"properties":{"b":"Ficus benghalensis Linn.","c":"Banyan Tree","l":"Vad","g":689.0,"h":13.0,"cond":"Healthy","own":"Garden","w":"60"}},{"type":"Feature","geometry":{"type":"Point","coordinates":[73.91135,18.507953]},"properties":{"b":"Ficus racemosa L.","c":"Cluster Fig Tree","l":"Umber","g":689.0,"h":9.0,"cond":"Healthy","own":"Private","w":"20"}},{"type":"Feature","geometry":{"type":"Point","coordinates":[73.871339,18.491432]},"properties":{"b":"Ficus benghalensis Linn.","c":"Banyan Tree","l":"Vad","g":689.0,"h":9.0,"cond":"Healthy","own":"Private","w":"64"}},{"type":"Feature","geometry":{"type":"Point","coordinates":[73.903263,18.513254]},"properties":{"b":"Ficus elastica Roxb. ex Hornem","c":"Indian Rubber Tree","l":"Indian Rubber Tree","g":689.0,"h":9.0,"cond":"Healthy","own":"Private","w":"41"}},{"type":"Feature","geometry":{"type":"Point","coordinates":[73.872222,18.487917]},"properties":{"b":"Albizia saman (Jacq.) Merr.","c":"Rain Tree","l":"Rain Tree","g":689.0,"h":9.0,"cond":"Healthy","own":"On Foot Path","w":"64"}},{"type":"Feature","geometry":{"type":"Point","coordinates":[73.89126,18.460992]},"properties":{"b":"Ficus religiosa Linn.","c":"Pipal","l":"Pimpal","g":689.0,"h":9.0,"cond":"Healthy","own":"Private","w":"62"}},{"type":"Feature","geometry":{"type":"Point","coordinates":[73.874848,18.490902]},"properties":{"b":"Albizia saman (Jacq.) Merr.","c":"Rain Tree","l":"Rain Tree","g":689.0,"h":9.0,"cond":"Healthy","own":"Private","w":"64"}},{"type":"Feature","geometry":{"type":"Point","coordinates":[73.863629,18.52727]},"properties":{"b":"Ficus religiosa Linn.","c":"Pipal","l":"Pimpal","g":689.0,"h":14.0,"cond":"Healthy","own":"Private","w":"23"}},{"type":"Feature","geometry":{"type":"Point","coordinates":[73.862754,18.467072]},"properties":{"b":"Ficus benghalensis Linn.","c":"Banyan Tree","l":"Vad","g":689.0,"h":9.0,"cond":"Healthy","own":"Private","w":"70"}},{"type":"Feature","geometry":{"type":"Point","coordinates":[73.875175,18.49755]},"properties":{"b":"Albizia saman (Jacq.) Merr.","c":"Rain Tree","l":"Rain Tree","g":689.0,"h":9.0,"cond":"Healthy","own":"Private","w":"64"}},{"type":"Feature","geometry":{"type":"Point","coordinates":[73.902958,18.518394]},"properties":{"b":"Leucaena leucocephala (Lamk.)De.wit.","c":"Subabul","l":"Subabul","g":688.0,"h":8.0,"cond":"Healthy","own":"Private","w":"41"}},{"type":"Feature","geometry":{"type":"Point","coordinates":[73.842792,18.514389]},"properties":{"b":"Ficus religiosa Linn.","c":"Pipal","l":"Pimpal","g":686.0,"h":20.0,"cond":"Healthy","own":"Public","w":"24"}},{"type":"Feature","geometry":{"type":"Point","coordinates":[73.844183,18.467662]},"properties":{"b":"Gliricidia sepium (Jacq.) Walp.","c":"Giripushpa","l":"Giripushpa","g":686.0,"h":6.0,"cond":"Healthy","own":"Government","w":"53"}},{"type":"Feature","geometry":{"type":"Point","coordinates":[73.782367,18.501654]},"properties":{"b":"Gliricidia sepium (Jacq.) Walp.","c":"Giripushpa","l":"Giripushpa","g":686.0,"h":6.0,"cond":"Healthy","own":"Government","w":"29"}},{"type":"Feature","geometry":{"type":"Point","coordinates":[73.885136,18.541939]},"properties":{"b":"Ficus benghalensis Linn.","c":"Banyan Tree","l":"Vad","g":686.0,"h":14.0,"cond":"Healthy","own":"Garden","w":"21"}},{"type":"Feature","geometry":{"type":"Point","coordinates":[73.894421,18.546357]},"properties":{"b":"Albizia saman (Jacq.) Merr.","c":"Rain Tree","l":"Rain Tree","g":685.0,"h":10.0,"cond":"Healthy","own":"Private","w":"17"}},{"type":"Feature","geometry":{"type":"Point","coordinates":[73.82895,18.554706]},"properties":{"b":"Albizia saman (Jacq.) Merr.","c":"Rain Tree","l":"Rain Tree","g":685.0,"h":15.0,"cond":"Healthy","own":"Government","w":"7"}},{"type":"Feature","geometry":{"type":"Point","coordinates":[73.831025,18.479318]},"properties":{"b":"Ficus benghalensis Linn.","c":"Banyan Tree","l":"Vad","g":685.0,"h":16.0,"cond":"Healthy","own":"Private","w":"53"}},{"type":"Feature","geometry":{"type":"Point","coordinates":[73.795007,18.492086]},"properties":{"b":"Gliricidia sepium (Jacq.) Walp.","c":"Giripushpa","l":"Giripushpa","g":683.0,"h":6.0,"cond":"Healthy","own":"Government","w":"30"}},{"type":"Feature","geometry":{"type":"Point","coordinates":[73.845038,18.499467]},"properties":{"b":"Ficus religiosa Linn.","c":"Pipal","l":"Pimpal","g":683.0,"h":7.0,"cond":"Healthy","own":"Private","w":"56"}},{"type":"Feature","geometry":{"type":"Point","coordinates":[73.829826,18.551801]},"properties":{"b":"Ficus religiosa Linn.","c":"Pipal","l":"Pimpal","g":682.0,"h":14.0,"cond":"Healthy","own":"Government","w":"7"}},{"type":"Feature","geometry":{"type":"Point","coordinates":[73.892229,18.53664]},"properties":{"b":"Ficus benghalensis Linn.","c":"Banyan Tree","l":"Vad","g":680.0,"h":14.0,"cond":"Healthy","own":"On Foot Path","w":"21"}},{"type":"Feature","geometry":{"type":"Point","coordinates":[73.809524,18.541735]},"properties":{"b":"Ficus religiosa Linn.","c":"Pipal","l":"Pimpal","g":680.0,"h":12.0,"cond":"Healthy","own":"Government","w":"8"}},{"type":"Feature","geometry":{"type":"Point","coordinates":[73.882208,18.561955]},"properties":{"b":"Albizia saman (Jacq.) Merr.","c":"Rain Tree","l":"Rain Tree","g":680.0,"h":11.0,"cond":"Average","own":"Government","w":"16"}},{"type":"Feature","geometry":{"type":"Point","coordinates":[73.869513,18.524647]},"properties":{"b":"Ficus benghalensis Linn.","c":"Banyan Tree","l":"Vad","g":680.0,"h":16.0,"cond":"Healthy","own":"Private","w":"40"}},{"type":"Feature","geometry":{"type":"Point","coordinates":[73.891687,18.535686]},"properties":{"b":"Ficus benghalensis Linn.","c":"Banyan Tree","l":"Vad","g":680.0,"h":14.0,"cond":"Healthy","own":"On Foot Path","w":"21"}},{"type":"Feature","geometry":{"type":"Point","coordinates":[73.869144,18.512098]},"properties":{"b":"Ficus benghalensis Linn.","c":"Banyan Tree","l":"Vad","g":679.0,"h":15.0,"cond":"Healthy","own":"Private","w":"60"}},{"type":"Feature","geometry":{"type":"Point","coordinates":[73.829092,18.558297]},"properties":{"b":"Ficus benghalensis Linn.","c":"Banyan Tree","l":"Vad","g":678.0,"h":14.0,"cond":"Healthy","own":"Government","w":"7"}},{"type":"Feature","geometry":{"type":"Point","coordinates":[73.851663,18.528945]},"properties":{"b":"Ficus benghalensis Linn.","c":"Banyan Tree","l":"Vad","g":678.0,"h":16.0,"cond":"Average","own":"Government","w":"24"}},{"type":"Feature","geometry":{"type":"Point","coordinates":[73.872677,18.490441]},"properties":{"b":"Leucaena leucocephala (Lamk.)De.wit.","c":"Subabul","l":"Subabul","g":678.0,"h":8.0,"cond":"Healthy","own":"Private","w":"64"}},{"type":"Feature","geometry":{"type":"Point","coordinates":[73.904468,18.499921]},"properties":{"b":"Leucaena leucocephala (Lamk.)De.wit.","c":"Subabul","l":"Subabul","g":678.0,"h":8.0,"cond":"Healthy","own":"Government","w":"46"}},{"type":"Feature","geometry":{"type":"Point","coordinates":[73.862107,18.450641]},"properties":{"b":"Leucaena leucocephala (Lamk.)De.wit.","c":"Subabul","l":"Subabul","g":676.0,"h":6.0,"cond":"Healthy","own":"Government","w":"75"}},{"type":"Feature","geometry":{"type":"Point","coordinates":[73.870053,18.524397]},"properties":{"b":"Ficus benghalensis Linn.","c":"Banyan Tree","l":"Vad","g":675.0,"h":16.0,"cond":"Healthy","own":"Private","w":"40"}},{"type":"Feature","geometry":{"type":"Point","coordinates":[73.897174,18.5268]},"properties":{"b":"Ficus religiosa Linn.","c":"Pipal","l":"Pimpal","g":674.0,"h":13.0,"cond":"Healthy","own":"Private","w":"41"}},{"type":"Feature","geometry":{"type":"Point","coordinates":[73.769434,18.57877]},"properties":{"b":"Wodyetia bifurcata A.K.Irvine","c":"Fox Tail Palm","l":"Fox Tail Palm","g":674.0,"h":6.0,"cond":"Healthy","own":"Private","w":"9"}},{"type":"Feature","geometry":{"type":"Point","coordinates":[73.925606,18.560771]},"properties":{"b":"Tabebuia aurea (Silva Manso) Benth. & Hook.f.ex S.Moore","c":"Yellow Tabebuia","l":"Silver Trumpet Tree","g":673.0,"h":9.0,"cond":"Healthy","own":"Garden","w":"3"}},{"type":"Feature","geometry":{"type":"Point","coordinates":[73.856787,18.529641]},"properties":{"b":"Ficus benghalensis Linn.","c":"Banyan Tree","l":"Vad","g":672.0,"h":13.0,"cond":"Healthy","own":"Government","w":"13"}},{"type":"Feature","geometry":{"type":"Point","coordinates":[73.856895,18.52944]},"properties":{"b":"Ficus benghalensis Linn.","c":"Banyan Tree","l":"Vad","g":671.0,"h":12.0,"cond":"Healthy","own":"Government","w":"13"}},{"type":"Feature","geometry":{"type":"Point","coordinates":[73.854751,18.501634]},"properties":{"b":"Ficus benghalensis Linn.","c":"Banyan Tree","l":"Vad","g":670.0,"h":10.0,"cond":"Healthy","own":"Semi Government","w":"57"}},{"type":"Feature","geometry":{"type":"Point","coordinates":[73.84563,18.500959]},"properties":{"b":"Sterculia foetida Linn.","c":"Devil's Tree","l":"Jangali Badam","g":670.0,"h":14.0,"cond":"Healthy","own":"On Foot Path","w":"56"}},{"type":"Feature","geometry":{"type":"Point","coordinates":[73.83351,18.520062]},"properties":{"b":"Albizia saman (Jacq.) Merr.","c":"Rain Tree","l":"Rain Tree","g":670.0,"h":14.0,"cond":"Average","own":"Private","w":"36"}},{"type":"Feature","geometry":{"type":"Point","coordinates":[73.86073,18.492337]},"properties":{"b":"Tamarindus indica Linn.","c":"Tamarind","l":"Chinch","g":670.0,"h":13.0,"cond":"Healthy","own":"Private","w":"66"}},{"type":"Feature","geometry":{"type":"Point","coordinates":[73.824117,18.55374]},"properties":{"b":"Ficus religiosa Linn.","c":"Pipal","l":"Pimpal","g":670.0,"h":15.0,"cond":"Healthy","own":"Government","w":"7"}},{"type":"Feature","geometry":{"type":"Point","coordinates":[73.882323,18.562167]},"properties":{"b":"Albizia saman (Jacq.) Merr.","c":"Rain Tree","l":"Rain Tree","g":670.0,"h":12.0,"cond":"Average","own":"Government","w":"16"}},{"type":"Feature","geometry":{"type":"Point","coordinates":[73.891551,18.533201]},"properties":{"b":"Ficus benghalensis Linn.","c":"Banyan Tree","l":"Vad","g":670.0,"h":10.0,"cond":"Healthy","own":"On Foot Path","w":"21"}},{"type":"Feature","geometry":{"type":"Point","coordinates":[73.85481,18.51959]},"properties":{"b":"Ficus benghalensis Linn.","c":"Banyan Tree","l":"Vad","g":670.0,"h":24.0,"cond":"Healthy","own":"Government","w":"37"}},{"type":"Feature","geometry":{"type":"Point","coordinates":[73.878388,18.533368]},"properties":{"b":"Ficus benghalensis Linn.","c":"Banyan Tree","l":"Vad","g":670.0,"h":17.0,"cond":"Healthy","own":"Semi Government","w":"21"}},{"type":"Feature","geometry":{"type":"Point","coordinates":[73.85389,18.531298]},"properties":{"b":"Ficus religiosa Linn.","c":"Pipal","l":"Pimpal","g":669.0,"h":16.0,"cond":"Healthy","own":"Private","w":"13"}},{"type":"Feature","geometry":{"type":"Point","coordinates":[73.862547,18.523037]},"properties":{"b":"Ficus benghalensis Linn.","c":"Banyan Tree","l":"Vad","g":667.0,"h":15.0,"cond":"Healthy","own":"Public","w":"23"}},{"type":"Feature","geometry":{"type":"Point","coordinates":[73.921028,18.522523]},"properties":{"b":"Ficus benghalensis Linn.","c":"Banyan Tree","l":"Vad","g":666.0,"h":12.0,"cond":"Healthy","own":"Private","w":"20"}},{"type":"Feature","geometry":{"type":"Point","coordinates":[73.782555,18.502532]},"properties":{"b":"Gliricidia sepium (Jacq.) Walp.","c":"Giripushpa","l":"Giripushpa","g":666.0,"h":6.0,"cond":"Healthy","own":"Government","w":"29"}},{"type":"Feature","geometry":{"type":"Point","coordinates":[73.782725,18.505415]},"properties":{"b":"Gliricidia sepium (Jacq.) Walp.","c":"Giripushpa","l":"Giripushpa","g":666.0,"h":6.0,"cond":"Healthy","own":"Government","w":"29"}},{"type":"Feature","geometry":{"type":"Point","coordinates":[73.799685,18.490268]},"properties":{"b":"Gliricidia sepium (Jacq.) Walp.","c":"Giripushpa","l":"Giripushpa","g":666.0,"h":3.0,"cond":"Healthy","own":"Government","w":"30"}},{"type":"Feature","geometry":{"type":"Point","coordinates":[73.843963,18.535715]},"properties":{"b":"Albizia saman (Jacq.) Merr.","c":"Rain Tree","l":"Rain Tree","g":665.0,"h":24.0,"cond":"Healthy","own":"Government","w":"13"}},{"type":"Feature","geometry":{"type":"Point","coordinates":[73.909095,18.502098]},"properties":{"b":"Ficus benghalensis Linn.","c":"Banyan Tree","l":"Vad","g":665.0,"h":14.0,"cond":"Healthy","own":"Government","w":"46"}},{"type":"Feature","geometry":{"type":"Point","coordinates":[73.834478,18.516887]},"properties":{"b":"Ficus religiosa Linn.","c":"Pipal","l":"Pimpal","g":662.0,"h":20.0,"cond":"Healthy","own":"Garden","w":"36"}},{"type":"Feature","geometry":{"type":"Point","coordinates":[73.815507,18.511478]},"properties":{"b":"Ficus benghalensis Linn.","c":"Banyan Tree","l":"Vad","g":660.0,"h":16.0,"cond":"Healthy","own":"On Road","w":"27"}},{"type":"Feature","geometry":{"type":"Point","coordinates":[73.879512,18.565658]},"properties":{"b":"Ficus religiosa Linn.","c":"Pipal","l":"Pimpal","g":660.0,"h":8.0,"cond":"Average","own":"Government","w":"16"}},{"type":"Feature","geometry":{"type":"Point","coordinates":[73.86979,18.481545]},"properties":{"b":"Ficus benghalensis Linn.","c":"Banyan Tree","l":"Vad","g":659.0,"h":9.0,"cond":"Healthy","own":"Private","w":"71"}},{"type":"Feature","geometry":{"type":"Point","coordinates":[73.876004,18.493368]},"properties":{"b":"Azadirachta indica Juss.","c":"Neem","l":"Neem","g":659.0,"h":9.0,"cond":"Healthy","own":"Private","w":"64"}},{"type":"Feature","geometry":{"type":"Point","coordinates":[73.87642,18.496009]},"properties":{"b":"Albizia saman (Jacq.) Merr.","c":"Rain Tree","l":"Rain Tree","g":659.0,"h":9.0,"cond":"Healthy","own":"Private","w":"64"}},{"type":"Feature","geometry":{"type":"Point","coordinates":[73.876272,18.491415]},"properties":{"b":"Ficus benghalensis Linn.","c":"Banyan Tree","l":"Vad","g":659.0,"h":14.0,"cond":"Healthy","own":"Private","w":"64"}},{"type":"Feature","geometry":{"type":"Point","coordinates":[73.870751,18.524494]},"properties":{"b":"Ficus religiosa Linn.","c":"Pipal","l":"Pimpal","g":658.0,"h":16.0,"cond":"Healthy","own":"Private","w":"40"}},{"type":"Feature","geometry":{"type":"Point","coordinates":[73.860843,18.525311]},"properties":{"b":"Ficus religiosa Linn.","c":"Pipal","l":"Pimpal","g":658.0,"h":4.0,"cond":"Dead","own":"Private","w":"23"}},{"type":"Feature","geometry":{"type":"Point","coordinates":[73.834892,18.536162]},"properties":{"b":"Ficus religiosa Linn.","c":"Pipal","l":"Pimpal","g":657.0,"h":16.0,"cond":"Healthy","own":"Private","w":"12"}},{"type":"Feature","geometry":{"type":"Point","coordinates":[73.835114,18.49222]},"properties":{"b":"Ficus benghalensis Linn.","c":"Banyan Tree","l":"Vad","g":656.0,"h":15.0,"cond":"Healthy","own":"Government","w":"53"}},{"type":"Feature","geometry":{"type":"Point","coordinates":[73.862951,18.451354]},"properties":{"b":"Leucaena leucocephala (Lamk.)De.wit.","c":"Subabul","l":"Subabul","g":656.0,"h":6.0,"cond":"Healthy","own":"Government","w":"75"}},{"type":"Feature","geometry":{"type":"Point","coordinates":[73.79957,18.490239]},"properties":{"b":"Gliricidia sepium (Jacq.) Walp.","c":"Giripushpa","l":"Giripushpa","g":656.0,"h":6.0,"cond":"Healthy","own":"Government","w":"30"}},{"type":"Feature","geometry":{"type":"Point","coordinates":[73.845654,18.528562]},"properties":{"b":"Ficus microcarpa Linn.f.","c":"Chinese Banyan","l":"Nandruk","g":656.0,"h":14.0,"cond":"Healthy","own":"Government","w":"12"}},{"type":"Feature","geometry":{"type":"Point","coordinates":[73.856572,18.504525]},"properties":{"b":"Nyctanthes arbor-tristis Linn.","c":"Parijatak","l":"Parijatak","g":655.0,"h":6.0,"cond":"Healthy","own":"Private","w":"58"}},{"type":"Feature","geometry":{"type":"Point","coordinates":[73.922728,18.509223]},"properties":{"b":"Cascabela thevetia (L.) Lippold","c":"Bitti","l":"Pivla Kanher","g":655.0,"h":5.0,"cond":"Healthy","own":"Private","w":"20"}},{"type":"Feature","geometry":{"type":"Point","coordinates":[73.817269,18.547342]},"properties":{"b":"Polyalthia longifolia var.angustifolia","c":"Ashoka (M)","l":"Ashoka (M)","g":655.0,"h":5.0,"cond":"Healthy","own":"Private","w":"7"}},{"type":"Feature","geometry":{"type":"Point","coordinates":[73.865316,18.530568]},"properties":{"b":"Ficus benghalensis Linn.","c":"Banyan Tree","l":"Vad","g":655.0,"h":12.0,"cond":"Healthy","own":"Semi Government","w":"22"}},{"type":"Feature","geometry":{"type":"Point","coordinates":[73.854998,18.4796]},"properties":{"b":"Tamarindus indica Linn.","c":"Tamarind","l":"Chinch","g":655.0,"h":12.0,"cond":"Healthy","own":"Private","w":"67"}},{"type":"Feature","geometry":{"type":"Point","coordinates":[73.910319,18.491474]},"properties":{"b":"Gliricidia sepium (Jacq.) Walp.","c":"Giripushpa","l":"Giripushpa","g":655.0,"h":5.0,"cond":"Healthy","own":"Government","w":"61"}},{"type":"Feature","geometry":{"type":"Point","coordinates":[73.865076,18.506158]},"properties":{"b":"Albizia saman (Jacq.) Merr.","c":"Rain Tree","l":"Rain Tree","g":654.0,"h":17.0,"cond":"Healthy","own":"Government","w":"59"}},{"type":"Feature","geometry":{"type":"Point","coordinates":[73.863055,18.524613]},"properties":{"b":"Ficus benghalensis Linn.","c":"Banyan Tree","l":"Vad","g":654.0,"h":10.0,"cond":"Healthy","own":"Private","w":"23"}},{"type":"Feature","geometry":{"type":"Point","coordinates":[73.867607,18.504648]},"properties":{"b":"Ficus racemosa L.","c":"Cluster Fig Tree","l":"Umber","g":654.0,"h":11.0,"cond":"Healthy","own":"Private","w":"65"}},{"type":"Feature","geometry":{"type":"Point","coordinates":[73.856634,18.514006]},"properties":{"b":"Ficus benghalensis Linn.","c":"Banyan Tree","l":"Vad","g":653.0,"h":16.0,"cond":"Healthy","own":"Private","w":"50"}},{"type":"Feature","geometry":{"type":"Point","coordinates":[73.909311,18.486907]},"properties":{"b":"Gliricidia sepium (Jacq.) Walp.","c":"Giripushpa","l":"Giripushpa","g":653.0,"h":11.0,"cond":"Healthy","own":"Government","w":"61"}},{"type":"Feature","geometry":{"type":"Point","coordinates":[73.895672,18.618771]},"properties":{"b":"Gliricidia sepium (Jacq.) Walp.","c":"Giripushpa","l":"Giripushpa","g":653.0,"h":10.0,"cond":"Healthy","own":"Government","w":"1"}},{"type":"Feature","geometry":{"type":"Point","coordinates":[73.909631,18.501101]},"properties":{"b":"Ficus religiosa Linn.","c":"Pipal","l":"Pimpal","g":652.0,"h":21.0,"cond":"Average","own":"Government","w":"46"}},{"type":"Feature","geometry":{"type":"Point","coordinates":[73.868621,18.525033]},"properties":{"b":"Ficus benghalensis Linn.","c":"Banyan Tree","l":"Vad","g":652.0,"h":14.0,"cond":"Healthy","own":"Private","w":"40"}},{"type":"Feature","geometry":{"type":"Point","coordinates":[73.825494,18.526466]},"properties":{"b":"Ficus racemosa L.","c":"Cluster Fig Tree","l":"Umber","g":651.0,"h":16.0,"cond":"Healthy","own":"Private","w":"11"}},{"type":"Feature","geometry":{"type":"Point","coordinates":[73.844471,18.532748]},"properties":{"b":"Albizia saman (Jacq.) Merr.","c":"Rain Tree","l":"Rain Tree","g":650.0,"h":20.0,"cond":"Healthy","own":"Government","w":"13"}},{"type":"Feature","geometry":{"type":"Point","coordinates":[73.847703,18.525429]},"properties":{"b":"Ficus benghalensis Linn.","c":"Banyan Tree","l":"Vad","g":650.0,"h":21.0,"cond":"Healthy","own":"Private","w":"24"}},{"type":"Feature","geometry":{"type":"Point","coordinates":[73.869382,18.51881]},"properties":{"b":"Ficus benghalensis Linn.","c":"Banyan Tree","l":"Vad","g":650.0,"h":16.0,"cond":"Healthy","own":"Semi Government","w":"40"}},{"type":"Feature","geometry":{"type":"Point","coordinates":[73.894037,18.547353]},"properties":{"b":"Ficus religiosa Linn.","c":"Pipal","l":"Pimpal","g":650.0,"h":12.0,"cond":"Healthy","own":"Private","w":"17"}},{"type":"Feature","geometry":{"type":"Point","coordinates":[73.862072,18.495222]},"properties":{"b":"Ficus religiosa Linn.","c":"Pipal","l":"Pimpal","g":650.0,"h":15.0,"cond":"Healthy","own":"Government","w":"66"}},{"type":"Feature","geometry":{"type":"Point","coordinates":[73.854135,18.484373]},"properties":{"b":"Ficus religiosa Linn.","c":"Pipal","l":"Pimpal","g":650.0,"h":14.0,"cond":"Healthy","own":"On Road","w":"67"}},{"type":"Feature","geometry":{"type":"Point","coordinates":[73.841197,18.524413]},"properties":{"b":"Ficus religiosa Linn.","c":"Pipal","l":"Pimpal","g":650.0,"h":16.0,"cond":"Healthy","own":"On Foot Path","w":"24"}},{"type":"Feature","geometry":{"type":"Point","coordinates":[73.896237,18.53631]},"properties":{"b":"Ficus benghalensis Linn.","c":"Banyan Tree","l":"Vad","g":650.0,"h":13.0,"cond":"Healthy","own":"Private","w":"21"}},{"type":"Feature","geometry":{"type":"Point","coordinates":[73.852269,18.530749]},"properties":{"b":"Ficus religiosa Linn.","c":"Pipal","l":"Pimpal","g":650.0,"h":15.0,"cond":"Average","own":"Private","w":"13"}},{"type":"Feature","geometry":{"type":"Point","coordinates":[73.893612,18.565168]},"properties":{"b":"Ficus religiosa Linn.","c":"Pipal","l":"Pimpal","g":650.0,"h":8.0,"cond":"Healthy","own":"Government","w":"4"}},{"type":"Feature","geometry":{"type":"Point","coordinates":[73.881086,18.562086]},"properties":{"b":"Ficus benghalensis Linn.","c":"Banyan Tree","l":"Vad","g":650.0,"h":8.0,"cond":"Healthy","own":"Government","w":"16"}},{"type":"Feature","geometry":{"type":"Point","coordinates":[73.866795,18.505824]},"properties":{"b":"Ficus benghalensis Linn.","c":"Banyan Tree","l":"Vad","g":650.0,"h":14.0,"cond":"Healthy","own":"Private","w":"65"}},{"type":"Feature","geometry":{"type":"Point","coordinates":[73.855746,18.486771]},"properties":{"b":"Albizia saman (Jacq.) Merr.","c":"Rain Tree","l":"Rain Tree","g":650.0,"h":15.0,"cond":"Healthy","own":"Private","w":"67"}},{"type":"Feature","geometry":{"type":"Point","coordinates":[73.880483,18.53619]},"properties":{"b":"Ficus benghalensis Linn.","c":"Banyan Tree","l":"Vad","g":650.0,"h":9.0,"cond":"Healthy","own":"Private","w":"21"}},{"type":"Feature","geometry":{"type":"Point","coordinates":[73.857887,18.485406]},"properties":{"b":"Ficus benghalensis Linn.","c":"Banyan Tree","l":"Vad","g":650.0,"h":11.0,"cond":"Healthy","own":"Private","w":"71"}},{"type":"Feature","geometry":{"type":"Point","coordinates":[73.861243,18.524766]},"properties":{"b":"Ficus benghalensis Linn.","c":"Banyan Tree","l":"Vad","g":650.0,"h":15.0,"cond":"Healthy","own":"Public","w":"23"}},{"type":"Feature","geometry":{"type":"Point","coordinates":[73.909116,18.496036]},"properties":{"b":"Ficus benghalensis Linn.","c":"Banyan Tree","l":"Vad","g":650.0,"h":10.0,"cond":"Healthy","own":"Government","w":"46"}},{"type":"Feature","geometry":{"type":"Point","coordinates":[73.855456,18.48756]},"properties":{"b":"Albizia saman (Jacq.) Merr.","c":"Rain Tree","l":"Rain Tree","g":650.0,"h":14.0,"cond":"Healthy","own":"On Foot Path","w":"67"}},{"type":"Feature","geometry":{"type":"Point","coordinates":[73.876316,18.572894]},"properties":{"b":"Ficus religiosa Linn.","c":"Pipal","l":"Pimpal","g":650.0,"h":7.0,"cond":"Healthy","own":"Private","w":"5"}},{"type":"Feature","geometry":{"type":"Point","coordinates":[73.894489,18.534524]},"properties":{"b":"Ficus benghalensis Linn.","c":"Banyan Tree","l":"Vad","g":650.0,"h":15.0,"cond":"Healthy","own":"On Road","w":"21"}},{"type":"Feature","geometry":{"type":"Point","coordinates":[73.854781,18.520264]},"properties":{"b":"Ficus benghalensis Linn.","c":"Banyan Tree","l":"Vad","g":649.0,"h":22.0,"cond":"Healthy","own":"Government","w":"37"}},{"type":"Feature","geometry":{"type":"Point","coordinates":[73.861759,18.52515]},"properties":{"b":"Ficus religiosa Linn.","c":"Pipal","l":"Pimpal","g":648.0,"h":16.0,"cond":"Healthy","own":"Private","w":"23"}},{"type":"Feature","geometry":{"type":"Point","coordinates":[73.825029,18.526456]},"properties":{"b":"Ficus benghalensis Linn.","c":"Banyan Tree","l":"Vad","g":648.0,"h":16.0,"cond":"Healthy","own":"Private","w":"11"}},{"type":"Feature","geometry":{"type":"Point","coordinates":[73.852821,18.539889]},"properties":{"b":"Ficus religiosa Linn.","c":"Pipal","l":"Pimpal","g":647.0,"h":13.0,"cond":"Healthy","own":"Private","w":"13"}},{"type":"Feature","geometry":{"type":"Point","coordinates":[73.90955,18.487538]},"properties":{"b":"Gliricidia sepium (Jacq.) Walp.","c":"Giripushpa","l":"Giripushpa","g":647.0,"h":6.0,"cond":"Average","own":"Government","w":"61"}},{"type":"Feature","geometry":{"type":"Point","coordinates":[73.828541,18.55663]},"properties":{"b":"Ficus benghalensis Linn.","c":"Banyan Tree","l":"Vad","g":647.0,"h":13.0,"cond":"Healthy","own":"Government","w":"7"}},{"type":"Feature","geometry":{"type":"Point","coordinates":[73.841308,18.468284]},"properties":{"b":"Leucaena leucocephala (Lamk.)De.wit.","c":"Subabul","l":"Subabul","g":646.0,"h":6.0,"cond":"Healthy","own":"Government","w":"53"}},{"type":"Feature","geometry":{"type":"Point","coordinates":[73.841282,18.468284]},"properties":{"b":"Leucaena leucocephala (Lamk.)De.wit.","c":"Subabul","l":"Subabul","g":646.0,"h":6.0,"cond":"Healthy","own":"Government","w":"53"}},{"type":"Feature","geometry":{"type":"Point","coordinates":[73.859783,18.478608]},"properties":{"b":"Albizia saman (Jacq.) Merr.","c":"Rain Tree","l":"Rain Tree","g":645.0,"h":13.0,"cond":"Healthy","own":"On Road","w":"71"}},{"type":"Feature","geometry":{"type":"Point","coordinates":[73.917,18.491784]},"properties":{"b":"Polyalthia longifolia (sonnerat) Thwaites","c":"Ashoka","l":"Ashoka","g":644.0,"h":10.0,"cond":"Healthy","own":"Industrial","w":"46"}},{"type":"Feature","geometry":{"type":"Point","coordinates":[73.910729,18.546674]},"properties":{"b":"Spathodea campanulata Beauv.","c":"Fountain Tree","l":"Pichkari","g":643.0,"h":7.0,"cond":"Healthy","own":"Avenues","w":"18"}},{"type":"Feature","geometry":{"type":"Point","coordinates":[73.829015,18.558173]},"properties":{"b":"Ficus benghalensis Linn.","c":"Banyan Tree","l":"Vad","g":643.0,"h":14.0,"cond":"Healthy","own":"Government","w":"7"}},{"type":"Feature","geometry":{"type":"Point","coordinates":[73.845492,18.518099]},"properties":{"b":"Ficus benghalensis Linn.","c":"Banyan Tree","l":"Vad","g":642.0,"h":19.0,"cond":"Healthy","own":"Private","w":"24"}},{"type":"Feature","geometry":{"type":"Point","coordinates":[73.857009,18.530795]},"properties":{"b":"Albizia saman (Jacq.) Merr.","c":"Rain Tree","l":"Rain Tree","g":642.0,"h":13.0,"cond":"Healthy","own":"Government","w":"13"}},{"type":"Feature","geometry":{"type":"Point","coordinates":[73.865904,18.513221]},"properties":{"b":"Ficus benghalensis Linn.","c":"Banyan Tree","l":"Vad","g":642.0,"h":12.0,"cond":"Healthy","own":"Private","w":"48"}},{"type":"Feature","geometry":{"type":"Point","coordinates":[73.855546,18.531244]},"properties":{"b":"Ficus benghalensis Linn.","c":"Banyan Tree","l":"Vad","g":642.0,"h":14.0,"cond":"Healthy","own":"Government","w":"13"}},{"type":"Feature","geometry":{"type":"Point","coordinates":[73.909166,18.494906]},"properties":{"b":"Albizia saman (Jacq.) Merr.","c":"Rain Tree","l":"Rain Tree","g":642.0,"h":18.0,"cond":"Average","own":"Government","w":"46"}},{"type":"Feature","geometry":{"type":"Point","coordinates":[73.844546,18.532111]},"properties":{"b":"Albizia saman (Jacq.) Merr.","c":"Rain Tree","l":"Rain Tree","g":641.0,"h":20.0,"cond":"Healthy","own":"Government","w":"13"}},{"type":"Feature","geometry":{"type":"Point","coordinates":[73.85875,18.529231]},"properties":{"b":"Ficus benghalensis Linn.","c":"Banyan Tree","l":"Vad","g":641.0,"h":14.0,"cond":"Healthy","own":"Government","w":"13"}},{"type":"Feature","geometry":{"type":"Point","coordinates":[73.901199,18.508051]},"properties":{"b":"Holoptelia integrifolia (Roxb.) Planch","c":"Indian Elm","l":"Vavla","g":641.0,"h":11.0,"cond":"Healthy","own":"Private","w":"41"}},{"type":"Feature","geometry":{"type":"Point","coordinates":[73.855607,18.530978]},"properties":{"b":"Ficus religiosa Linn.","c":"Pipal","l":"Pimpal","g":641.0,"h":13.0,"cond":"Healthy","own":"Government","w":"13"}},{"type":"Feature","geometry":{"type":"Point","coordinates":[73.869905,18.52701]},"properties":{"b":"Ficus benghalensis Linn.","c":"Banyan Tree","l":"Vad","g":640.0,"h":15.0,"cond":"Healthy","own":"Government","w":"40"}},{"type":"Feature","geometry":{"type":"Point","coordinates":[73.891895,18.535658]},"properties":{"b":"Ficus benghalensis Linn.","c":"Banyan Tree","l":"Vad","g":640.0,"h":21.0,"cond":"Healthy","own":"On Foot Path","w":"21"}},{"type":"Feature","geometry":{"type":"Point","coordinates":[73.854889,18.481056]},"properties":{"b":"Albizia saman (Jacq.) Merr.","c":"Rain Tree","l":"Rain Tree","g":640.0,"h":11.0,"cond":"Healthy","own":"On Foot Path","w":"67"}},{"type":"Feature","geometry":{"type":"Point","coordinates":[73.869661,18.523909]},"properties":{"b":"Ficus benghalensis Linn.","c":"Banyan Tree","l":"Vad","g":640.0,"h":16.0,"cond":"Healthy","own":"Government","w":"40"}},{"type":"Feature","geometry":{"type":"Point","coordinates":[73.828533,18.549789]},"properties":{"b":"Dalbergia melanoxylon Guill. & Perr.","c":"African Black wood","l":"Patangi","g":638.0,"h":5.0,"cond":"Healthy","own":"Government","w":"7"}},{"type":"Feature","geometry":{"type":"Point","coordinates":[73.91515,18.489046]},"properties":{"b":"Gliricidia sepium (Jacq.) Walp.","c":"Giripushpa","l":"Giripushpa","g":637.0,"h":8.0,"cond":"Healthy","own":"Government","w":"45"}},{"type":"Feature","geometry":{"type":"Point","coordinates":[73.914979,18.488289]},"properties":{"b":"Gliricidia sepium (Jacq.) Walp.","c":"Giripushpa","l":"Giripushpa","g":636.0,"h":7.0,"cond":"Healthy","own":"Government","w":"45"}},{"type":"Feature","geometry":{"type":"Point","coordinates":[73.865304,18.524075]},"properties":{"b":"Albizia saman (Jacq.) Merr.","c":"Rain Tree","l":"Rain Tree","g":635.0,"h":16.0,"cond":"Average","own":"Private","w":"40"}},{"type":"Feature","geometry":{"type":"Point","coordinates":[73.910623,18.491426]},"properties":{"b":"Senna siamea (Lam.) Irwin & Barneby","c":"Siamese Cassia","l":"Kashid","g":635.0,"h":5.0,"cond":"Healthy","own":"Government","w":"61"}},{"type":"Feature","geometry":{"type":"Point","coordinates":[73.872609,18.527652]},"properties":{"b":"Ficus religiosa Linn.","c":"Pipal","l":"Pimpal","g":634.0,"h":13.0,"cond":"Healthy","own":"On Road","w":"40"}},{"type":"Feature","geometry":{"type":"Point","coordinates":[73.846997,18.51372]},"properties":{"b":"Ficus benghalensis Linn.","c":"Banyan Tree","l":"Vad","g":634.0,"h":14.0,"cond":"Healthy","own":"Government","w":"51"}},{"type":"Feature","geometry":{"type":"Point","coordinates":[73.842578,18.485578]},"properties":{"b":"Dalbergia melanoxylon Guill. & Perr.","c":"African Black wood","l":"Patangi","g":634.0,"h":5.0,"cond":"Healthy","own":"Government","w":"68"}},{"type":"Feature","geometry":{"type":"Point","coordinates":[73.89233,18.537313]},"properties":{"b":"Ficus benghalensis Linn.","c":"Banyan Tree","l":"Vad","g":630.0,"h":25.0,"cond":"Healthy","own":"On Foot Path","w":"21"}},{"type":"Feature","geometry":{"type":"Point","coordinates":[73.865392,18.524368]},"properties":{"b":"Pithecellobium dulce (Roxb.)Benth.","c":"Manila Tamarind","l":"Villayati Chinch","g":630.0,"h":13.0,"cond":"Healthy","own":"Private","w":"40"}},{"type":"Feature","geometry":{"type":"Point","coordinates":[73.892256,18.533219]},"properties":{"b":"Ficus benghalensis Linn.","c":"Banyan Tree","l":"Vad","g":630.0,"h":12.0,"cond":"Healthy","own":"On Foot Path","w":"21"}},{"type":"Feature","geometry":{"type":"Point","coordinates":[73.866795,18.523414]},"properties":{"b":"Ficus racemosa L.","c":"Cluster Fig Tree","l":"Umber","g":630.0,"h":13.0,"cond":"Healthy","own":"Private","w":"40"}},{"type":"Feature","geometry":{"type":"Point","coordinates":[73.844873,18.468394]},"properties":{"b":"Mangifera indica Linn.","c":"Mango","l":"Amba","g":629.0,"h":9.0,"cond":"Healthy","own":"Government","w":"69"}},{"type":"Feature","geometry":{"type":"Point","coordinates":[73.844563,18.467911]},"properties":{"b":"Gliricidia sepium (Jacq.) Walp.","c":"Giripushpa","l":"Giripushpa","g":626.0,"h":6.0,"cond":"Healthy","own":"Government","w":"53"}},{"type":"Feature","geometry":{"type":"Point","coordinates":[73.903213,18.490227]},"properties":{"b":"Ficus religiosa Linn.","c":"Pipal","l":"Pimpal","g":626.0,"h":18.0,"cond":"Healthy","own":"Government","w":"61"}},{"type":"Feature","geometry":{"type":"Point","coordinates":[73.895826,18.441919]},"properties":{"b":"Phyllanthus emblica Linn.","c":"Amla","l":"Amla","g":626.0,"h":4.0,"cond":"Healthy","own":"Private","w":"62"}},{"type":"Feature","geometry":{"type":"Point","coordinates":[73.82935,18.554649]},"properties":{"b":"Albizia saman (Jacq.) Merr.","c":"Rain Tree","l":"Rain Tree","g":625.0,"h":14.0,"cond":"Healthy","own":"Government","w":"7"}},{"type":"Feature","geometry":{"type":"Point","coordinates":[73.829465,18.553184]},"properties":{"b":"Albizia saman (Jacq.) Merr.","c":"Rain Tree","l":"Rain Tree","g":625.0,"h":14.0,"cond":"Healthy","own":"Government","w":"7"}},{"type":"Feature","geometry":{"type":"Point","coordinates":[73.820172,18.499163]},"properties":{"b":"Ficus benghalensis Linn.","c":"Banyan Tree","l":"Vad","g":625.0,"h":12.0,"cond":"Healthy","own":"Private","w":"34"}},{"type":"Feature","geometry":{"type":"Point","coordinates":[73.881035,18.536723]},"properties":{"b":"Ficus benghalensis Linn.","c":"Banyan Tree","l":"Vad","g":625.0,"h":13.0,"cond":"Healthy","own":"On Foot Path","w":"21"}},{"type":"Feature","geometry":{"type":"Point","coordinates":[73.809722,18.532267]},"properties":{"b":"Mangifera indica Linn.","c":"Mango","l":"Amba","g":624.0,"h":16.0,"cond":"Healthy","own":"Private","w":"10"}},{"type":"Feature","geometry":{"type":"Point","coordinates":[73.866853,18.52275]},"properties":{"b":"Ficus religiosa Linn.","c":"Pipal","l":"Pimpal","g":624.0,"h":16.0,"cond":"Healthy","own":"Private","w":"40"}},{"type":"Feature","geometry":{"type":"Point","coordinates":[73.867031,18.512993]},"properties":{"b":"Ficus religiosa Linn.","c":"Pipal","l":"Pimpal","g":624.0,"h":15.0,"cond":"Healthy","own":"Private","w":"48"}},{"type":"Feature","geometry":{"type":"Point","coordinates":[73.82524,18.468733]},"properties":{"b":"Ficus religiosa Linn.","c":"Pipal","l":"Pimpal","g":623.0,"h":18.0,"cond":"Healthy","own":"Private","w":"55"}},{"type":"Feature","geometry":{"type":"Point","coordinates":[73.820968,18.505349]},"properties":{"b":"Ficus racemosa L.","c":"Cluster Fig Tree","l":"Umber","g":621.0,"h":12.0,"cond":"Healthy","own":"Private","w":"34"}},{"type":"Feature","geometry":{"type":"Point","coordinates":[73.847295,18.523109]},"properties":{"b":"Ficus benghalensis Linn.","c":"Banyan Tree","l":"Vad","g":620.0,"h":21.0,"cond":"Average","own":"Private","w":"24"}},{"type":"Feature","geometry":{"type":"Point","coordinates":[73.891129,18.533194]},"properties":{"b":"Ficus benghalensis Linn.","c":"Banyan Tree","l":"Vad","g":620.0,"h":13.0,"cond":"Healthy","own":"On Foot Path","w":"21"}},{"type":"Feature","geometry":{"type":"Point","coordinates":[73.901849,18.50736]},"properties":{"b":"Tamarindus indica Linn.","c":"Tamarind","l":"Chinch","g":620.0,"h":11.0,"cond":"Healthy","own":"Private","w":"41"}},{"type":"Feature","geometry":{"type":"Point","coordinates":[73.85624,18.483927]},"properties":{"b":"Ficus racemosa L.","c":"Cluster Fig Tree","l":"Umber","g":620.0,"h":11.0,"cond":"Healthy","own":"Private","w":"67"}},{"type":"Feature","geometry":{"type":"Point","coordinates":[73.89458,18.534524]},"properties":{"b":"Ficus benghalensis Linn.","c":"Banyan Tree","l":"Vad","g":620.0,"h":16.0,"cond":"Healthy","own":"On Road","w":"21"}},{"type":"Feature","geometry":{"type":"Point","coordinates":[73.865013,18.526385]},"properties":{"b":"Ficus religiosa Linn.","c":"Pipal","l":"Pimpal","g":620.0,"h":17.0,"cond":"Healthy","own":"Private","w":"40"}},{"type":"Feature","geometry":{"type":"Point","coordinates":[73.853591,18.498497]},"properties":{"b":"Spathodea campanulata Beauv.","c":"Fountain Tree","l":"Pichkari","g":620.0,"h":14.0,"cond":"Healthy","own":"Private","w":"57"}},{"type":"Feature","geometry":{"type":"Point","coordinates":[73.898296,18.488296]},"properties":{"b":"Ficus benghalensis Linn.","c":"Banyan Tree","l":"Vad","g":620.0,"h":12.0,"cond":"Average","own":"On Wall","w":"61"}},{"type":"Feature","geometry":{"type":"Point","coordinates":[73.869584,18.524864]},"properties":{"b":"Ficus religiosa Linn.","c":"Pipal","l":"Pimpal","g":620.0,"h":13.0,"cond":"Healthy","own":"Private","w":"40"}},{"type":"Feature","geometry":{"type":"Point","coordinates":[73.844539,18.532184]},"properties":{"b":"Albizia saman (Jacq.) Merr.","c":"Rain Tree","l":"Rain Tree","g":620.0,"h":19.0,"cond":"Healthy","own":"Government","w":"13"}},{"type":"Feature","geometry":{"type":"Point","coordinates":[73.845967,18.499892]},"properties":{"b":"Syzygium cumini (Linn.)Skeels.","c":"Jamun","l":"Jamun","g":620.0,"h":10.0,"cond":"Average","own":"Private","w":"56"}},{"type":"Feature","geometry":{"type":"Point","coordinates":[73.929272,18.499041]},"properties":{"b":"Annona squamosa Linn.","c":"Custard Apple","l":"Sitaphal","g":619.0,"h":4.0,"cond":"Healthy","own":"Public","w":"42"}},{"type":"Feature","geometry":{"type":"Point","coordinates":[73.8853,18.540287]},"properties":{"b":"Ficus benghalensis Linn.","c":"Banyan Tree","l":"Vad","g":618.0,"h":16.0,"cond":"Healthy","own":"On Road","w":"21"}},{"type":"Feature","geometry":{"type":"Point","coordinates":[73.861146,18.518639]},"properties":{"b":"Ficus religiosa Linn.","c":"Pipal","l":"Pimpal","g":618.0,"h":15.0,"cond":"Healthy","own":"Private","w":"38"}},{"type":"Feature","geometry":{"type":"Point","coordinates":[73.865606,18.523681]},"properties":{"b":"Ficus religiosa Linn.","c":"Pipal","l":"Pimpal","g":615.0,"h":16.0,"cond":"Healthy","own":"Private","w":"40"}},{"type":"Feature","geometry":{"type":"Point","coordinates":[73.845103,18.500662]},"properties":{"b":"Albizia saman (Jacq.) Merr.","c":"Rain Tree","l":"Rain Tree","g":615.0,"h":11.0,"cond":"Healthy","own":"On Foot Path","w":"56"}},{"type":"Feature","geometry":{"type":"Point","coordinates":[73.894201,18.547907]},"properties":{"b":"Ficus religiosa Linn.","c":"Pipal","l":"Pimpal","g":615.0,"h":11.0,"cond":"Healthy","own":"Private","w":"17"}},{"type":"Feature","geometry":{"type":"Point","coordinates":[73.836835,18.537253]},"properties":{"b":"Ficus elastica Roxb. ex Hornem","c":"Indian Rubber Tree","l":"Indian Rubber Tree","g":615.0,"h":11.0,"cond":"Healthy","own":"Government","w":"12"}},{"type":"Feature","geometry":{"type":"Point","coordinates":[73.828517,18.559073]},"properties":{"b":"Albizia saman (Jacq.) Merr.","c":"Rain Tree","l":"Rain Tree","g":613.0,"h":13.0,"cond":"Healthy","own":"Government","w":"7"}},{"type":"Feature","geometry":{"type":"Point","coordinates":[73.826862,18.559558]},"properties":{"b":"Ficus benghalensis Linn.","c":"Banyan Tree","l":"Vad","g":612.0,"h":11.0,"cond":"Healthy","own":"Government","w":"7"}},{"type":"Feature","geometry":{"type":"Point","coordinates":[73.89565,18.43456]},"properties":{"b":"Ficus benghalensis Linn.","c":"Banyan Tree","l":"Vad","g":612.0,"h":10.0,"cond":"Healthy","own":"Private","w":"77"}},{"type":"Feature","geometry":{"type":"Point","coordinates":[73.858053,18.530111]},"properties":{"b":"Tamarindus indica Linn.","c":"Tamarind","l":"Chinch","g":612.0,"h":13.0,"cond":"Healthy","own":"Government","w":"13"}},{"type":"Feature","geometry":{"type":"Point","coordinates":[73.927688,18.500913]},"properties":{"b":"Ficus racemosa L.","c":"Cluster Fig Tree","l":"Umber","g":612.0,"h":16.0,"cond":"Healthy","own":"Garden","w":"42"}},{"type":"Feature","geometry":{"type":"Point","coordinates":[73.894196,18.537424]},"properties":{"b":"Ficus benghalensis Linn.","c":"Banyan Tree","l":"Vad","g":612.0,"h":7.0,"cond":"Healthy","own":"On Road","w":"21"}},{"type":"Feature","geometry":{"type":"Point","coordinates":[73.862029,18.495877]},"properties":{"b":"Albizia saman (Jacq.) Merr.","c":"Rain Tree","l":"Rain Tree","g":612.0,"h":12.0,"cond":"Healthy","own":"On Road","w":"66"}},{"type":"Feature","geometry":{"type":"Point","coordinates":[73.833746,18.517316]},"properties":{"b":"Ficus racemosa L.","c":"Cluster Fig Tree","l":"Umber","g":612.0,"h":12.0,"cond":"Healthy","own":"Private","w":"36"}},{"type":"Feature","geometry":{"type":"Point","coordinates":[73.864809,18.526336]},"properties":{"b":"Ficus religiosa Linn.","c":"Pipal","l":"Pimpal","g":610.0,"h":16.0,"cond":"Healthy","own":"Private","w":"40"}},{"type":"Feature","geometry":{"type":"Point","coordinates":[73.886414,18.540008]},"properties":{"b":"Albizia saman (Jacq.) Merr.","c":"Rain Tree","l":"Rain Tree","g":609.0,"h":14.0,"cond":"Healthy","own":"Private","w":"21"}},{"type":"Feature","geometry":{"type":"Point","coordinates":[73.84572,18.528564]},"properties":{"b":"Ficus microcarpa Linn.f.","c":"Chinese Banyan","l":"Nandruk","g":609.0,"h":8.0,"cond":"Healthy","own":"Government","w":"12"}},{"type":"Feature","geometry":{"type":"Point","coordinates":[73.890034,18.458909]},"properties":{"b":"Grevillea robusta A.Cunn. ex R.Br.","c":"Silver Oak","l":"Silver Oak","g":607.0,"h":7.0,"cond":"Healthy","own":"Private","w":"62"}},{"type":"Feature","geometry":{"type":"Point","coordinates":[73.817574,18.547627]},"properties":{"b":"Psidium gaujava L.","c":"Guava","l":"Peru","g":605.0,"h":4.0,"cond":"Healthy","own":"Private","w":"7"}},{"type":"Feature","geometry":{"type":"Point","coordinates":[73.90755,18.501314]},"properties":{"b":"Ficus religiosa Linn.","c":"Pipal","l":"Pimpal","g":604.0,"h":13.0,"cond":"Healthy","own":"Government","w":"46"}},{"type":"Feature","geometry":{"type":"Point","coordinates":[73.845882,18.528976]},"properties":{"b":"Ficus microcarpa Linn.f.","c":"Chinese Banyan","l":"Nandruk","g":603.0,"h":19.0,"cond":"Healthy","own":"Government","w":"12"}},{"type":"Feature","geometry":{"type":"Point","coordinates":[73.859931,18.522235]},"properties":{"b":"Ficus religiosa Linn.","c":"Pipal","l":"Pimpal","g":603.0,"h":16.0,"cond":"Healthy","own":"Semi Government","w":"23"}},{"type":"Feature","geometry":{"type":"Point","coordinates":[73.809547,18.459341]},"properties":{"b":"","c":"Mixed Tree Growth","l":"Mixed Tree Growth","g":603.0,"h":10.0,"cond":"Healthy","own":"Private","w":"54"}},{"type":"Feature","geometry":{"type":"Point","coordinates":[73.918687,18.547742]},"properties":{"b":"Roystonea regia (Kunth) O.F.Cook","c":"Bottle Palm","l":"Royal Palm","g":603.0,"h":3.0,"cond":"Healthy","own":"Private","w":"18"}},{"type":"Feature","geometry":{"type":"Point","coordinates":[73.894152,18.536238]},"properties":{"b":"Ficus benghalensis Linn.","c":"Banyan Tree","l":"Vad","g":601.0,"h":13.0,"cond":"Healthy","own":"Government","w":"21"}},{"type":"Feature","geometry":{"type":"Point","coordinates":[73.842898,18.533185]},"properties":{"b":"Albizia saman (Jacq.) Merr.","c":"Rain Tree","l":"Rain Tree","g":600.0,"h":22.0,"cond":"Healthy","own":"Private","w":"13"}},{"type":"Feature","geometry":{"type":"Point","coordinates":[73.861946,18.495233]},"properties":{"b":"Albizia saman (Jacq.) Merr.","c":"Rain Tree","l":"Rain Tree","g":600.0,"h":14.0,"cond":"Healthy","own":"Private","w":"66"}},{"type":"Feature","geometry":{"type":"Point","coordinates":[73.861115,18.47867]},"properties":{"b":"Acacia auriculiformis A. cunh ex Benth.","c":"Earleaf Acacia","l":"Australian Acacia","g":600.0,"h":12.0,"cond":"Healthy","own":"On Foot Path","w":"71"}},{"type":"Feature","geometry":{"type":"Point","coordinates":[73.863385,18.510575]},"properties":{"b":"Ficus benghalensis Linn.","c":"Banyan Tree","l":"Vad","g":600.0,"h":12.0,"cond":"Healthy","own":"Public","w":"59"}},{"type":"Feature","geometry":{"type":"Point","coordinates":[73.825431,18.553798]},"properties":{"b":"Adansonia digitata Linn.","c":"Baobab Tree","l":"Gorakh Chinch","g":600.0,"h":7.0,"cond":"Poor","own":"Government","w":"7"}},{"type":"Feature","geometry":{"type":"Point","coordinates":[73.843086,18.522051]},"properties":{"b":"Ficus religiosa Linn.","c":"Pipal","l":"Pimpal","g":600.0,"h":17.0,"cond":"Healthy","own":"Private","w":"24"}},{"type":"Feature","geometry":{"type":"Point","coordinates":[73.90881,18.501982]},"properties":{"b":"Ficus benghalensis Linn.","c":"Banyan Tree","l":"Vad","g":600.0,"h":19.0,"cond":"Healthy","own":"Government","w":"46"}},{"type":"Feature","geometry":{"type":"Point","coordinates":[73.882618,18.483206]},"properties":{"b":"Pimenta dioica (Linn.) Merrill.","c":"All Spice Tree","l":"All Spice Tree","g":600.0,"h":7.0,"cond":"Healthy","own":"Private","w":"63"}},{"type":"Feature","geometry":{"type":"Point","coordinates":[73.888755,18.556219]},"properties":{"b":"Ficus benghalensis Linn.","c":"Banyan Tree","l":"Vad","g":600.0,"h":16.0,"cond":"Healthy","own":"Private","w":"16"}},{"type":"Feature","geometry":{"type":"Point","coordinates":[73.851325,18.523663]},"properties":{"b":"Ficus religiosa Linn.","c":"Pipal","l":"Pimpal","g":600.0,"h":24.0,"cond":"Healthy","own":"On Foot Path","w":"24"}},{"type":"Feature","geometry":{"type":"Point","coordinates":[73.852475,18.523165]},"properties":{"b":"Ficus religiosa Linn.","c":"Pipal","l":"Pimpal","g":600.0,"h":19.0,"cond":"Healthy","own":"Private","w":"24"}},{"type":"Feature","geometry":{"type":"Point","coordinates":[73.893847,18.535124]},"properties":{"b":"Ficus benghalensis Linn.","c":"Banyan Tree","l":"Vad","g":600.0,"h":13.0,"cond":"Healthy","own":"On Wall","w":"21"}},{"type":"Feature","geometry":{"type":"Point","coordinates":[73.891643,18.532773]},"properties":{"b":"Ficus benghalensis Linn.","c":"Banyan Tree","l":"Vad","g":600.0,"h":13.0,"cond":"Healthy","own":"Government","w":"21"}},{"type":"Feature","geometry":{"type":"Point","coordinates":[73.852704,18.485708]},"properties":{"b":"Ficus religiosa Linn.","c":"Pipal","l":"Pimpal","g":600.0,"h":8.0,"cond":"Healthy","own":"Private","w":"67"}},{"type":"Feature","geometry":{"type":"Point","coordinates":[73.858986,18.493812]},"properties":{"b":"Albizia saman (Jacq.) Merr.","c":"Rain Tree","l":"Rain Tree","g":600.0,"h":13.0,"cond":"Healthy","own":"On Foot Path","w":"66"}},{"type":"Feature","geometry":{"type":"Point","coordinates":[73.885656,18.577331]},"properties":{"b":"Ficus religiosa Linn.","c":"Pipal","l":"Pimpal","g":600.0,"h":15.0,"cond":"Healthy","own":"On Road","w":"5"}},{"type":"Feature","geometry":{"type":"Point","coordinates":[73.866836,18.511045]},"properties":{"b":"Ficus benghalensis Linn.","c":"Banyan Tree","l":"Vad","g":600.0,"h":11.0,"cond":"Healthy","own":"Private","w":"48"}},{"type":"Feature","geometry":{"type":"Point","coordinates":[73.867456,18.512315]},"properties":{"b":"Ficus benghalensis Linn.","c":"Banyan Tree","l":"Vad","g":600.0,"h":9.0,"cond":"Healthy","own":"Public","w":"48"}},{"type":"Feature","geometry":{"type":"Point","coordinates":[73.876156,18.495431]},"properties":{"b":"Pongamia pinnata (L.) Pierre","c":"Pongam Tree","l":"Karanj","g":599.0,"h":9.0,"cond":"Healthy","own":"Private","w":"64"}},{"type":"Feature","geometry":{"type":"Point","coordinates":[73.860699,18.473126]},"properties":{"b":"Ficus benghalensis Linn.","c":"Banyan Tree","l":"Vad","g":598.0,"h":12.0,"cond":"Healthy","own":"Private","w":"70"}},{"type":"Feature","geometry":{"type":"Point","coordinates":[73.90313,18.518192]},"properties":{"b":"Dalbergia lanceolaria Linn.f.","c":"Dandus","l":"Dandus","g":598.0,"h":8.0,"cond":"Healthy","own":"Private","w":"41"}},{"type":"Feature","geometry":{"type":"Point","coordinates":[73.871094,18.488296]},"properties":{"b":"Ficus benghalensis Linn.","c":"Banyan Tree","l":"Vad","g":598.0,"h":9.0,"cond":"Healthy","own":"Private","w":"64"}},{"type":"Feature","geometry":{"type":"Point","coordinates":[73.893237,18.486972]},"properties":{"b":"Albizia saman (Jacq.) Merr.","c":"Rain Tree","l":"Rain Tree","g":598.0,"h":9.0,"cond":"Healthy","own":"Private","w":"61"}},{"type":"Feature","geometry":{"type":"Point","coordinates":[73.86681,18.487027]},"properties":{"b":"Tamarindus indica Linn.","c":"Tamarind","l":"Chinch","g":598.0,"h":9.0,"cond":"Healthy","own":"On Road","w":"71"}},{"type":"Feature","geometry":{"type":"Point","coordinates":[73.85347,18.527145]},"properties":{"b":"Polyalthia longifolia var.pendula","c":"Ashoka (D)","l":"Ashoka (D)","g":597.0,"h":11.0,"cond":"Healthy","own":"Government","w":"24"}},{"type":"Feature","geometry":{"type":"Point","coordinates":[73.894772,18.551311]},"properties":{"b":"Ficus religiosa Linn.","c":"Pipal","l":"Pimpal","g":597.0,"h":12.0,"cond":"Healthy","own":"Private","w":"17"}},{"type":"Feature","geometry":{"type":"Point","coordinates":[73.875262,18.495153]},"properties":{"b":"Albizia saman (Jacq.) Merr.","c":"Rain Tree","l":"Rain Tree","g":596.0,"h":9.0,"cond":"Healthy","own":"On Foot Path","w":"64"}},{"type":"Feature","geometry":{"type":"Point","coordinates":[73.875236,18.493684]},"properties":{"b":"Albizia saman (Jacq.) Merr.","c":"Rain Tree","l":"Rain Tree","g":596.0,"h":9.0,"cond":"Healthy","own":"Private","w":"64"}},{"type":"Feature","geometry":{"type":"Point","coordinates":[73.873073,18.496471]},"properties":{"b":"Khaya senegalensis (Desr.)A.Juss.","c":"African Mahogani","l":"Khaya","g":596.0,"h":9.0,"cond":"Healthy","own":"Private","w":"64"}},{"type":"Feature","geometry":{"type":"Point","coordinates":[73.876119,18.494991]},"properties":{"b":"Albizia saman (Jacq.) Merr.","c":"Rain Tree","l":"Rain Tree","g":596.0,"h":9.0,"cond":"Healthy","own":"Private","w":"64"}},{"type":"Feature","geometry":{"type":"Point","coordinates":[73.874659,18.493155]},"properties":{"b":"Albizia saman (Jacq.) Merr.","c":"Rain Tree","l":"Rain Tree","g":596.0,"h":9.0,"cond":"Healthy","own":"Private","w":"64"}},{"type":"Feature","geometry":{"type":"Point","coordinates":[73.862735,18.526342]},"properties":{"b":"Ficus benghalensis Linn.","c":"Banyan Tree","l":"Vad","g":596.0,"h":15.0,"cond":"Healthy","own":"Private","w":"23"}},{"type":"Feature","geometry":{"type":"Point","coordinates":[73.876353,18.496034]},"properties":{"b":"Albizia saman (Jacq.) Merr.","c":"Rain Tree","l":"Rain Tree","g":596.0,"h":9.0,"cond":"Healthy","own":"Private","w":"64"}},{"type":"Feature","geometry":{"type":"Point","coordinates":[73.861295,18.482077]},"properties":{"b":"Albizia saman (Jacq.) Merr.","c":"Rain Tree","l":"Rain Tree","g":596.0,"h":9.0,"cond":"Healthy","own":"Private","w":"71"}},{"type":"Feature","geometry":{"type":"Point","coordinates":[73.859329,18.455829]},"properties":{"b":"Khaya senegalensis (Desr.)A.Juss.","c":"African Mahogani","l":"Khaya","g":596.0,"h":9.0,"cond":"Healthy","own":"Government","w":"75"}},{"type":"Feature","geometry":{"type":"Point","coordinates":[73.875128,18.49681]},"properties":{"b":"Azadirachta indica Juss.","c":"Neem","l":"Neem","g":596.0,"h":9.0,"cond":"Healthy","own":"Private","w":"64"}},{"type":"Feature","geometry":{"type":"Point","coordinates":[73.873396,18.49682]},"properties":{"b":"Ficus racemosa L.","c":"Cluster Fig Tree","l":"Umber","g":596.0,"h":9.0,"cond":"Healthy","own":"Private","w":"64"}},{"type":"Feature","geometry":{"type":"Point","coordinates":[73.873204,18.496112]},"properties":{"b":"Ficus benghalensis Linn.","c":"Banyan Tree","l":"Vad","g":596.0,"h":9.0,"cond":"Healthy","own":"Private","w":"64"}},{"type":"Feature","geometry":{"type":"Point","coordinates":[73.862066,18.467605]},"properties":{"b":"Ficus racemosa L.","c":"Cluster Fig Tree","l":"Umber","g":596.0,"h":9.0,"cond":"Healthy","own":"Private","w":"70"}},{"type":"Feature","geometry":{"type":"Point","coordinates":[73.862975,18.467749]},"properties":{"b":"Ficus benghalensis Linn.","c":"Banyan Tree","l":"Vad","g":596.0,"h":9.0,"cond":"Healthy","own":"Private","w":"70"}},{"type":"Feature","geometry":{"type":"Point","coordinates":[73.861507,18.516764]},"properties":{"b":"Ficus religiosa Linn.","c":"Pipal","l":"Pimpal","g":594.0,"h":15.0,"cond":"Healthy","own":"Private","w":"38"}},{"type":"Feature","geometry":{"type":"Point","coordinates":[73.899778,18.493036]},"properties":{"b":"Ficus religiosa Linn.","c":"Pipal","l":"Pimpal","g":593.0,"h":17.0,"cond":"Healthy","own":"Private","w":"61"}},{"type":"Feature","geometry":{"type":"Point","coordinates":[73.902343,18.519033]},"properties":{"b":"Delonix regia (Hook.) Raf.","c":"Gulmohar","l":"Gulmohar","g":593.0,"h":9.0,"cond":"Healthy","own":"Private","w":"41"}},{"type":"Feature","geometry":{"type":"Point","coordinates":[73.89698,18.492208]},"properties":{"b":"Ficus benghalensis Linn.","c":"Banyan Tree","l":"Vad","g":591.0,"h":16.0,"cond":"Healthy","own":"On Foot Path","w":"61"}},{"type":"Feature","geometry":{"type":"Point","coordinates":[73.86764,18.467439]},"properties":{"b":"Mangifera indica Linn.","c":"Mango","l":"Amba","g":590.0,"h":10.0,"cond":"Healthy","own":"Private","w":"72"}},{"type":"Feature","geometry":{"type":"Point","coordinates":[73.821729,18.501624]},"properties":{"b":"Delonix regia (Hook.) Raf.","c":"Gulmohar","l":"Gulmohar","g":590.0,"h":12.0,"cond":"Healthy","own":"Private","w":"34"}},{"type":"Feature","geometry":{"type":"Point","coordinates":[73.876806,18.52904]},"properties":{"b":"Ficus religiosa Linn.","c":"Pipal","l":"Pimpal","g":590.0,"h":15.0,"cond":"Healthy","own":"On Wall","w":"40"}},{"type":"Feature","geometry":{"type":"Point","coordinates":[73.86093,18.474499]},"properties":{"b":"Khaya senegalensis (Desr.)A.Juss.","c":"African Mahogani","l":"Khaya","g":590.0,"h":13.0,"cond":"Healthy","own":"Semi Government","w":"70"}},{"type":"Feature","geometry":{"type":"Point","coordinates":[73.86077,18.482815]},"properties":{"b":"Albizia saman (Jacq.) Merr.","c":"Rain Tree","l":"Rain Tree","g":590.0,"h":9.0,"cond":"Healthy","own":"Private","w":"71"}},{"type":"Feature","geometry":{"type":"Point","coordinates":[73.836738,18.531085]},"properties":{"b":"Ficus benjamina L.","c":"Benjamin Fig","l":"Chota Nadruk","g":590.0,"h":18.0,"cond":"Healthy","own":"Private","w":"12"}},{"type":"Feature","geometry":{"type":"Point","coordinates":[73.865082,18.469566]},"properties":{"b":"Mangifera indica Linn.","c":"Mango","l":"Amba","g":590.0,"h":8.0,"cond":"Healthy","own":"Private","w":"72"}},{"type":"Feature","geometry":{"type":"Point","coordinates":[73.867499,18.466999]},"properties":{"b":"Ficus racemosa L.","c":"Cluster Fig Tree","l":"Umber","g":590.0,"h":10.0,"cond":"Healthy","own":"Private","w":"72"}},{"type":"Feature","geometry":{"type":"Point","coordinates":[73.821652,18.501612]},"properties":{"b":"Delonix regia (Hook.) Raf.","c":"Gulmohar","l":"Gulmohar","g":590.0,"h":13.0,"cond":"Healthy","own":"Private","w":"34"}},{"type":"Feature","geometry":{"type":"Point","coordinates":[73.890272,18.533121]},"properties":{"b":"Ficus benghalensis Linn.","c":"Banyan Tree","l":"Vad","g":590.0,"h":13.0,"cond":"Healthy","own":"Semi Government","w":"21"}},{"type":"Feature","geometry":{"type":"Point","coordinates":[73.867942,18.485073]},"properties":{"b":"Tamarindus indica Linn.","c":"Tamarind","l":"Chinch","g":589.0,"h":10.0,"cond":"Healthy","own":"On Road","w":"71"}},{"type":"Feature","geometry":{"type":"Point","coordinates":[73.842697,18.504281]},"properties":{"b":"Khaya senegalensis (Desr.)A.Juss.","c":"African Mahogani","l":"Khaya","g":589.0,"h":13.0,"cond":"Healthy","own":"On Road","w":"52"}},{"type":"Feature","geometry":{"type":"Point","coordinates":[73.831792,18.484439]},"properties":{"b":"Leucaena leucocephala (Lamk.)De.wit.","c":"Subabul","l":"Subabul","g":589.0,"h":9.0,"cond":"Healthy","own":"Government","w":"53"}},{"type":"Feature","geometry":{"type":"Point","coordinates":[73.863077,18.52528]},"properties":{"b":"Ficus benghalensis Linn.","c":"Banyan Tree","l":"Vad","g":588.0,"h":15.0,"cond":"Healthy","own":"Private","w":"23"}},{"type":"Feature","geometry":{"type":"Point","coordinates":[73.848292,18.532645]},"properties":{"b":"Albizia saman (Jacq.) Merr.","c":"Rain Tree","l":"Rain Tree","g":587.0,"h":14.0,"cond":"Healthy","own":"Private","w":"13"}},{"type":"Feature","geometry":{"type":"Point","coordinates":[73.827935,18.559112]},"properties":{"b":"Albizia saman (Jacq.) Merr.","c":"Rain Tree","l":"Rain Tree","g":587.0,"h":14.0,"cond":"Healthy","own":"Government","w":"7"}},{"type":"Feature","geometry":{"type":"Point","coordinates":[73.828534,18.556717]},"properties":{"b":"Ficus benghalensis Linn.","c":"Banyan Tree","l":"Vad","g":587.0,"h":13.0,"cond":"Healthy","own":"Government","w":"7"}},{"type":"Feature","geometry":{"type":"Point","coordinates":[73.83807,18.529106]},"properties":{"b":"Albizia saman (Jacq.) Merr.","c":"Rain Tree","l":"Rain Tree","g":586.0,"h":16.0,"cond":"Healthy","own":"Private","w":"12"}},{"type":"Feature","geometry":{"type":"Point","coordinates":[73.87011,18.524367]},"properties":{"b":"Ficus benghalensis Linn.","c":"Banyan Tree","l":"Vad","g":586.0,"h":15.0,"cond":"Healthy","own":"Private","w":"40"}},{"type":"Feature","geometry":{"type":"Point","coordinates":[73.854159,18.493501]},"properties":{"b":"Ficus religiosa Linn.","c":"Pipal","l":"Pimpal","g":586.0,"h":15.0,"cond":"Healthy","own":"On Foot Path","w":"57"}},{"type":"Feature","geometry":{"type":"Point","coordinates":[73.909867,18.482453]},"properties":{"b":"Gliricidia sepium (Jacq.) Walp.","c":"Giripushpa","l":"Giripushpa","g":584.0,"h":7.0,"cond":"Healthy","own":"Government","w":"45"}},{"type":"Feature","geometry":{"type":"Point","coordinates":[73.909201,18.498507]},"properties":{"b":"Ficus benghalensis Linn.","c":"Banyan Tree","l":"Vad","g":580.0,"h":15.0,"cond":"Healthy","own":"Government","w":"46"}},{"type":"Feature","geometry":{"type":"Point","coordinates":[73.876498,18.522318]},"properties":{"b":"Tamarindus indica Linn.","c":"Tamarind","l":"Chinch","g":580.0,"h":12.0,"cond":"Healthy","own":"Government","w":"40"}},{"type":"Feature","geometry":{"type":"Point","coordinates":[73.845315,18.537735]},"properties":{"b":"Ficus religiosa Linn.","c":"Pipal","l":"Pimpal","g":580.0,"h":22.0,"cond":"Healthy","own":"Government","w":"13"}},{"type":"Feature","geometry":{"type":"Point","coordinates":[73.870206,18.525577]},"properties":{"b":"Ficus religiosa Linn.","c":"Pipal","l":"Pimpal","g":580.0,"h":16.0,"cond":"Healthy","own":"Government","w":"40"}},{"type":"Feature","geometry":{"type":"Point","coordinates":[73.874023,18.527881]},"properties":{"b":"Ficus religiosa Linn.","c":"Pipal","l":"Pimpal","g":580.0,"h":14.0,"cond":"Healthy","own":"Private","w":"40"}},{"type":"Feature","geometry":{"type":"Point","coordinates":[73.854533,18.4798]},"properties":{"b":"Tamarindus indica Linn.","c":"Tamarind","l":"Chinch","g":580.0,"h":11.0,"cond":"Healthy","own":"Private","w":"67"}},{"type":"Feature","geometry":{"type":"Point","coordinates":[73.804998,18.536108]},"properties":{"b":"Ficus racemosa L.","c":"Cluster Fig Tree","l":"Umber","g":580.0,"h":12.0,"cond":"Healthy","own":"Government","w":"10"}},{"type":"Feature","geometry":{"type":"Point","coordinates":[73.850864,18.523394]},"properties":{"b":"Ficus benghalensis Linn.","c":"Banyan Tree","l":"Vad","g":580.0,"h":15.0,"cond":"Healthy","own":"Private","w":"24"}},{"type":"Feature","geometry":{"type":"Point","coordinates":[73.892146,18.533218]},"properties":{"b":"Ficus benghalensis Linn.","c":"Banyan Tree","l":"Vad","g":580.0,"h":10.0,"cond":"Healthy","own":"On Foot Path","w":"21"}},{"type":"Feature","geometry":{"type":"Point","coordinates":[73.85423,18.500908]},"properties":{"b":"Albizia saman (Jacq.) Merr.","c":"Rain Tree","l":"Rain Tree","g":580.0,"h":14.0,"cond":"Healthy","own":"Government","w":"57"}},{"type":"Feature","geometry":{"type":"Point","coordinates":[73.891973,18.535657]},"properties":{"b":"Ficus benghalensis Linn.","c":"Banyan Tree","l":"Vad","g":580.0,"h":19.0,"cond":"Healthy","own":"On Foot Path","w":"21"}},{"type":"Feature","geometry":{"type":"Point","coordinates":[73.891339,18.533197]},"properties":{"b":"Ficus benghalensis Linn.","c":"Banyan Tree","l":"Vad","g":580.0,"h":12.0,"cond":"Healthy","own":"On Foot Path","w":"21"}},{"type":"Feature","geometry":{"type":"Point","coordinates":[73.847062,18.530309]},"properties":{"b":"Albizia saman (Jacq.) Merr.","c":"Rain Tree","l":"Rain Tree","g":579.0,"h":23.0,"cond":"Healthy","own":"Private","w":"12"}},{"type":"Feature","geometry":{"type":"Point","coordinates":[73.844486,18.528517]},"properties":{"b":"Ficus microcarpa Linn.f.","c":"Chinese Banyan","l":"Nandruk","g":579.0,"h":14.0,"cond":"Healthy","own":"Government","w":"12"}},{"type":"Feature","geometry":{"type":"Point","coordinates":[73.826066,18.552374]},"properties":{"b":"Ficus benghalensis Linn.","c":"Banyan Tree","l":"Vad","g":578.0,"h":11.0,"cond":"Healthy","own":"Government","w":"7"}},{"type":"Feature","geometry":{"type":"Point","coordinates":[73.844441,18.534094]},"properties":{"b":"Albizia saman (Jacq.) Merr.","c":"Rain Tree","l":"Rain Tree","g":578.0,"h":17.0,"cond":"Healthy","own":"Government","w":"13"}},{"type":"Feature","geometry":{"type":"Point","coordinates":[73.889997,18.538148]},"properties":{"b":"Albizia saman (Jacq.) Merr.","c":"Rain Tree","l":"Rain Tree","g":578.0,"h":18.0,"cond":"Healthy","own":"Private","w":"21"}},{"type":"Feature","geometry":{"type":"Point","coordinates":[73.832577,18.54213]},"properties":{"b":"Ficus benghalensis Linn.","c":"Banyan Tree","l":"Vad","g":578.0,"h":12.0,"cond":"Healthy","own":"Private","w":"12"}},{"type":"Feature","geometry":{"type":"Point","coordinates":[73.912571,18.483133]},"properties":{"b":"Gliricidia sepium (Jacq.) Walp.","c":"Giripushpa","l":"Giripushpa","g":576.0,"h":4.0,"cond":"Healthy","own":"Government","w":"45"}},{"type":"Feature","geometry":{"type":"Point","coordinates":[73.894465,18.54651]},"properties":{"b":"Pithecellobium dulce (Roxb.)Benth.","c":"Manila Tamarind","l":"Villayati Chinch","g":576.0,"h":11.0,"cond":"Healthy","own":"Private","w":"17"}},{"type":"Feature","geometry":{"type":"Point","coordinates":[73.856253,18.529434]},"properties":{"b":"Ficus benghalensis Linn.","c":"Banyan Tree","l":"Vad","g":576.0,"h":13.0,"cond":"Healthy","own":"Government","w":"13"}},{"type":"Feature","geometry":{"type":"Point","coordinates":[73.847898,18.524325]},"properties":{"b":"Ficus benghalensis Linn.","c":"Banyan Tree","l":"Vad","g":576.0,"h":22.0,"cond":"Healthy","own":"Private","w":"24"}},{"type":"Feature","geometry":{"type":"Point","coordinates":[73.885435,18.538405]},"properties":{"b":"Ficus benghalensis Linn.","c":"Banyan Tree","l":"Vad","g":576.0,"h":11.0,"cond":"Healthy","own":"On Road","w":"21"}},{"type":"Feature","geometry":{"type":"Point","coordinates":[73.881237,18.540874]},"properties":{"b":"Ficus religiosa Linn.","c":"Pipal","l":"Pimpal","g":576.0,"h":14.0,"cond":"Healthy","own":"Private","w":"21"}},{"type":"Feature","geometry":{"type":"Point","coordinates":[73.799607,18.482595]},"properties":{"b":"Ficus racemosa L.","c":"Cluster Fig Tree","l":"Umber","g":576.0,"h":12.0,"cond":"Healthy","own":"Private","w":"30"}},{"type":"Feature","geometry":{"type":"Point","coordinates":[73.791124,18.495201]},"properties":{"b":"Gliricidia sepium (Jacq.) Walp.","c":"Giripushpa","l":"Giripushpa","g":575.0,"h":5.0,"cond":"Healthy","own":"Government","w":"30"}},{"type":"Feature","geometry":{"type":"Point","coordinates":[73.860898,18.483505]},"properties":{"b":"Albizia saman (Jacq.) Merr.","c":"Rain Tree","l":"Rain Tree","g":575.0,"h":12.0,"cond":"Healthy","own":"Government","w":"71"}},{"type":"Feature","geometry":{"type":"Point","coordinates":[73.816151,18.463747]},"properties":{"b":"Mangifera indica Linn.","c":"Mango","l":"Amba","g":575.0,"h":16.0,"cond":"Healthy","own":"Private","w":"54"}},{"type":"Feature","geometry":{"type":"Point","coordinates":[73.837614,18.497821]},"properties":{"b":"Ficus benghalensis Linn.","c":"Banyan Tree","l":"Vad","g":575.0,"h":11.0,"cond":"Healthy","own":"Private","w":"53"}},{"type":"Feature","geometry":{"type":"Point","coordinates":[73.851473,18.523168]},"properties":{"b":"Ficus benghalensis Linn.","c":"Banyan Tree","l":"Vad","g":575.0,"h":16.0,"cond":"Healthy","own":"On Foot Path","w":"24"}},{"type":"Feature","geometry":{"type":"Point","coordinates":[73.840757,18.526999]},"properties":{"b":"Ficus religiosa Linn.","c":"Pipal","l":"Pimpal","g":575.0,"h":14.0,"cond":"Healthy","own":"Private","w":"12"}},{"type":"Feature","geometry":{"type":"Point","coordinates":[73.846399,18.519612]},"properties":{"b":"Ficus religiosa Linn.","c":"Pipal","l":"Pimpal","g":574.0,"h":22.0,"cond":"Healthy","own":"Garden","w":"24"}},{"type":"Feature","geometry":{"type":"Point","coordinates":[73.86953,18.526116]},"properties":{"b":"Ficus religiosa Linn.","c":"Pipal","l":"Pimpal","g":573.0,"h":16.0,"cond":"Healthy","own":"Government","w":"40"}},{"type":"Feature","geometry":{"type":"Point","coordinates":[73.828501,18.558829]},"properties":{"b":"Ficus microcarpa Linn.f.","c":"Chinese Banyan","l":"Nandruk","g":573.0,"h":13.0,"cond":"Healthy","own":"Government","w":"7"}},{"type":"Feature","geometry":{"type":"Point","coordinates":[73.852093,18.535474]},"properties":{"b":"Tamarindus indica Linn.","c":"Tamarind","l":"Chinch","g":573.0,"h":12.0,"cond":"Healthy","own":"On Foot Path","w":"13"}},{"type":"Feature","geometry":{"type":"Point","coordinates":[73.849054,18.533111]},"properties":{"b":"Ficus benghalensis Linn.","c":"Banyan Tree","l":"Vad","g":573.0,"h":17.0,"cond":"Healthy","own":"Private","w":"13"}},{"type":"Feature","geometry":{"type":"Point","coordinates":[73.887132,18.573317]},"properties":{"b":"Tectona grandis Linn.f.","c":"Teak Wood Tree","l":"Sag","g":572.0,"h":6.0,"cond":"Healthy","own":"Government","w":"4"}},{"type":"Feature","geometry":{"type":"Point","coordinates":[73.853594,18.498187]},"properties":{"b":"Anogeissus latifolia (Roxb. ex DC.) Guillemin & Perottet","c":"Axle Wood Tree","l":"Dhavda","g":572.0,"h":11.0,"cond":"Healthy","own":"Private","w":"57"}},{"type":"Feature","geometry":{"type":"Point","coordinates":[73.86112,18.525002]},"properties":{"b":"Ficus religiosa Linn.","c":"Pipal","l":"Pimpal","g":571.0,"h":14.0,"cond":"Healthy","own":"Public","w":"23"}},{"type":"Feature","geometry":{"type":"Point","coordinates":[73.92844,18.488538]},"properties":{"b":"Pongamia pinnata (L.) Pierre","c":"Pongam Tree","l":"Karanj","g":571.0,"h":6.0,"cond":"Healthy","own":"Public","w":"45"}},{"type":"Feature","geometry":{"type":"Point","coordinates":[73.896069,18.53555]},"properties":{"b":"Ficus religiosa Linn.","c":"Pipal","l":"Pimpal","g":570.0,"h":16.0,"cond":"Healthy","own":"Private","w":"21"}},{"type":"Feature","geometry":{"type":"Point","coordinates":[73.842213,18.501093]},"properties":{"b":"Albizia saman (Jacq.) Merr.","c":"Rain Tree","l":"Rain Tree","g":570.0,"h":12.0,"cond":"Healthy","own":"Government","w":"52"}},{"type":"Feature","geometry":{"type":"Point","coordinates":[73.894631,18.533055]},"properties":{"b":"Ficus benghalensis Linn.","c":"Banyan Tree","l":"Vad","g":570.0,"h":14.0,"cond":"Healthy","own":"On Road","w":"21"}},{"type":"Feature","geometry":{"type":"Point","coordinates":[73.886664,18.472434]},"properties":{"b":"Dalbergia sissoo DC.","c":"Sesam","l":"Sisoo","g":570.0,"h":9.0,"cond":"Healthy","own":"Private","w":"63"}},{"type":"Feature","geometry":{"type":"Point","coordinates":[73.874736,18.494617]},"properties":{"b":"Eucalyptus globulus Labil.","c":"Nilgiri","l":"Nilgiri","g":569.0,"h":9.0,"cond":"Healthy","own":"Private","w":"64"}},{"type":"Feature","geometry":{"type":"Point","coordinates":[73.875293,18.494573]},"properties":{"b":"Albizia saman (Jacq.) Merr.","c":"Rain Tree","l":"Rain Tree","g":569.0,"h":9.0,"cond":"Healthy","own":"Private","w":"64"}},{"type":"Feature","geometry":{"type":"Point","coordinates":[73.873299,18.492433]},"properties":{"b":"Peltophorum pterocarpum (DC.) Baker","c":"Copper Pod","l":"Sonmohar","g":569.0,"h":9.0,"cond":"Healthy","own":"Private","w":"64"}},{"type":"Feature","geometry":{"type":"Point","coordinates":[73.873184,18.491711]},"properties":{"b":"Albizia saman (Jacq.) Merr.","c":"Rain Tree","l":"Rain Tree","g":569.0,"h":9.0,"cond":"Healthy","own":"Private","w":"64"}},{"type":"Feature","geometry":{"type":"Point","coordinates":[73.874496,18.491113]},"properties":{"b":"Delonix regia (Hook.) Raf.","c":"Gulmohar","l":"Gulmohar","g":569.0,"h":9.0,"cond":"Healthy","own":"Private","w":"64"}},{"type":"Feature","geometry":{"type":"Point","coordinates":[73.875165,18.491902]},"properties":{"b":"Peltophorum pterocarpum (DC.) Baker","c":"Copper Pod","l":"Sonmohar","g":569.0,"h":9.0,"cond":"Healthy","own":"Private","w":"64"}},{"type":"Feature","geometry":{"type":"Point","coordinates":[73.874961,18.490799]},"properties":{"b":"Albizia saman (Jacq.) Merr.","c":"Rain Tree","l":"Rain Tree","g":569.0,"h":9.0,"cond":"Healthy","own":"Private","w":"64"}},{"type":"Feature","geometry":{"type":"Point","coordinates":[73.875043,18.491689]},"properties":{"b":"Ficus benghalensis Linn.","c":"Banyan Tree","l":"Vad","g":569.0,"h":10.0,"cond":"Healthy","own":"Private","w":"64"}},{"type":"Feature","geometry":{"type":"Point","coordinates":[73.875359,18.489076]},"properties":{"b":"Pongamia pinnata (L.) Pierre","c":"Pongam Tree","l":"Karanj","g":569.0,"h":9.0,"cond":"Healthy","own":"Private","w":"64"}},{"type":"Feature","geometry":{"type":"Point","coordinates":[73.875545,18.489064]},"properties":{"b":"Albizia saman (Jacq.) Merr.","c":"Rain Tree","l":"Rain Tree","g":569.0,"h":10.0,"cond":"Healthy","own":"Private","w":"64"}},{"type":"Feature","geometry":{"type":"Point","coordinates":[73.871468,18.491739]},"properties":{"b":"Gliricidia sepium (Jacq.) Walp.","c":"Giripushpa","l":"Giripushpa","g":569.0,"h":9.0,"cond":"Healthy","own":"Private","w":"64"}},{"type":"Feature","geometry":{"type":"Point","coordinates":[73.87544,18.489081]},"properties":{"b":"Albizia saman (Jacq.) Merr.","c":"Rain Tree","l":"Rain Tree","g":569.0,"h":10.0,"cond":"Healthy","own":"Private","w":"64"}},{"type":"Feature","geometry":{"type":"Point","coordinates":[73.875344,18.488746]},"properties":{"b":"Syzygium cumini (Linn.)Skeels.","c":"Jamun","l":"Jamun","g":569.0,"h":9.0,"cond":"Healthy","own":"Private","w":"64"}}],"note":"The 500 largest trees by recorded girth_cm.","source":"PMC Tree Census 2019 via OpenCity"}